-- Treinei — seed COMPLETO do catálogo nativo (gerado por scripts/build-supabase-seed.mjs).
-- Rodar no SQL Editor do Supabase DEPOIS das migrations 0001–0004. Idempotente.
-- Ordem respeita as FKs: muscle_groups → exercises → foods → recipes → recipe_items.

begin;

-- Grupos musculares
insert into muscle_groups (id, slug, name, sort_order, image_url) values
  (1, 'peito', 'Peitorais', 1, 'Barbell_Bench_Press_-_Medium_Grip/0.jpg'),
  (2, 'costas', 'Costas', 2, 'Wide-Grip_Lat_Pulldown/0.jpg'),
  (3, 'ombros', 'Ombros', 3, 'Dumbbell_Shoulder_Press/0.jpg'),
  (4, 'biceps', 'Bíceps', 4, 'Dumbbell_Bicep_Curl/0.jpg'),
  (5, 'triceps', 'Tríceps', 5, 'Triceps_Pushdown/0.jpg'),
  (6, 'antebraco', 'Antebraço', 6, 'Palms-Up_Barbell_Wrist_Curl_Over_A_Bench/0.jpg'),
  (7, 'trapezio', 'Trapézio', 7, 'Dumbbell_Shrug/0.jpg'),
  (8, 'abdomen', 'Abdômen', 8, 'Crunches/0.jpg'),
  (9, 'coxa_quadril', 'Coxa / Quadril', 9, 'Barbell_Squat/0.jpg'),
  (10, 'gluteos', 'Glúteos', 10, 'Barbell_Hip_Thrust/0.jpg'),
  (11, 'panturrilha', 'Panturrilha', 11, 'Standing_Calf_Raises/0.jpg'),
  (12, 'peso_corpo', 'Peso do Corpo', 12, 'Pushups/0.jpg')
on conflict (id) do nothing;

select setval(pg_get_serial_sequence('muscle_groups', 'id'), (select max(id) from muscle_groups));

-- Exercícios (catálogo nativo)
insert into exercises (id, muscle_group_id, name, media_url, is_custom, owner_id, created_at) values
  ('d1dad43c-d670-4003-b53d-47535b4a7694', 1, 'Supino Reto no Aparelho', null, false, null, '2026-01-01T00:00:00.000Z'),
  ('7611981b-dcd1-4f21-b730-c30996d7a85b', 1, 'Supino Inclinado no Aparelho', null, false, null, '2026-01-01T00:00:00.000Z'),
  ('057010ff-3556-41e1-9130-c035fcf0ae7d', 1, 'Supino Reto c/ Halteres', null, false, null, '2026-01-01T00:00:00.000Z'),
  ('f11fd4b3-a0f3-4964-986f-972555bbcb51', 1, 'Supino Inclinado c/ Halteres', null, false, null, '2026-01-01T00:00:00.000Z'),
  ('c84bfc1d-e59f-443d-8f20-bb96cd666e89', 1, 'Crucifixo no Voador', null, false, null, '2026-01-01T00:00:00.000Z'),
  ('d2e9acd7-b5f0-4222-872a-83432934053c', 1, 'Pullover - v. Peito', null, false, null, '2026-01-01T00:00:00.000Z'),
  ('76d76bbc-c833-4540-b343-e5379e0c3758', 2, 'Puxada pela Frente - Pegada Aberta', null, false, null, '2026-01-01T00:00:00.000Z'),
  ('54086923-ab67-4529-ad6c-20b96bce0478', 2, 'Puxada pela Frente - Pegada Invertida', null, false, null, '2026-01-01T00:00:00.000Z'),
  ('3d92644a-956c-45e7-ad72-3631edd679b9', 2, 'Remada no Aparelho', null, false, null, '2026-01-01T00:00:00.000Z'),
  ('9e01c250-d973-43d7-9c49-54a4367376f7', 2, 'Remada Vertical no Aparelho', null, false, null, '2026-01-01T00:00:00.000Z'),
  ('c7426e19-2b4d-4465-9365-83885141473f', 2, 'Remada Sentado - Pegada Invertida', null, false, null, '2026-01-01T00:00:00.000Z'),
  ('ba682c1f-0806-47ce-9065-d7abf4c867e5', 2, 'Remada Unilateral c/ Halter (Serrote)', null, false, null, '2026-01-01T00:00:00.000Z'),
  ('9c435821-71f7-47f0-8ce6-810ee7ec16c1', 2, 'Crucifixo Inverso no Voador', null, false, null, '2026-01-01T00:00:00.000Z'),
  ('ceedf772-7294-4c4e-b632-94e34821d876', 3, 'Desenvolvimento no Aparelho', null, false, null, '2026-01-01T00:00:00.000Z'),
  ('8677c76a-4296-4291-8b20-948a4b695daf', 3, 'Desenvolvimento c/ Halteres', null, false, null, '2026-01-01T00:00:00.000Z'),
  ('80924ee3-190d-49de-a2f9-9e1f865830f2', 3, 'Elevação Lateral', null, false, null, '2026-01-01T00:00:00.000Z'),
  ('43cb978e-3ef1-445c-9c4b-abe09a9e4f0b', 3, 'Elevação Frontal c/ Halteres', null, false, null, '2026-01-01T00:00:00.000Z'),
  ('66bdc3f7-9980-4aca-82f5-3c5782f385fc', 3, 'Elevação Frontal c/ Anilha', null, false, null, '2026-01-01T00:00:00.000Z'),
  ('3021382c-aba5-4077-a330-fb5a7e5d6d34', 3, 'Remada Alta c/ Cabo', null, false, null, '2026-01-01T00:00:00.000Z'),
  ('63eafcb3-cbe5-4300-a146-8a86eaac3f0f', 4, 'Rosca Direta no Cabo', null, false, null, '2026-01-01T00:00:00.000Z'),
  ('eca86675-6f5a-48c7-97bf-bc4dd50aae2a', 4, 'Rosca Direta c/ Cabo - Pegada Invertida', null, false, null, '2026-01-01T00:00:00.000Z'),
  ('b9009564-14a6-497b-88ff-1c0b23123ebb', 4, 'Rosca Inclinada', null, false, null, '2026-01-01T00:00:00.000Z'),
  ('5002eada-bcb3-485c-abf1-cc07ced73110', 4, 'Rosca Concentrada', null, false, null, '2026-01-01T00:00:00.000Z'),
  ('c304f28b-7740-4c50-96b4-9630354a9a36', 4, 'Rosca c/ Halteres', null, false, null, '2026-01-01T00:00:00.000Z'),
  ('da72bbc1-0959-49ea-8540-4ff75c4ca63d', 4, 'Rosca Hammer c/ Cabo - Corda', null, false, null, '2026-01-01T00:00:00.000Z'),
  ('e2d45927-2967-452a-85f6-3a01fa29c246', 4, 'Scott Martelo c/ Halteres', null, false, null, '2026-01-01T00:00:00.000Z'),
  ('4a559cc0-780e-4799-82a5-14d7db30d903', 5, 'Tríceps Francês', null, false, null, '2026-01-01T00:00:00.000Z'),
  ('42ad7e3c-9db0-4222-8f89-09f0ea2462bf', 5, 'Tríceps Francês Unilateral', null, false, null, '2026-01-01T00:00:00.000Z'),
  ('dc5314de-1c31-4c44-b393-25f88dce8c11', 5, 'Extensão de Cotovelos no Cabo - Pegada Invertida', null, false, null, '2026-01-01T00:00:00.000Z'),
  ('22f2b27d-c8e3-4a3f-848a-cf5f87dfc5b7', 5, 'Extensão de Cotovelos na Roldana Alta', null, false, null, '2026-01-01T00:00:00.000Z'),
  ('6e901510-4463-490e-9261-bdc4ff9161fe', 5, 'Extensão de Cotovelos c/ Halteres', null, false, null, '2026-01-01T00:00:00.000Z'),
  ('b31c55e3-d709-411d-b7a5-de9dc6ed8d7f', 5, 'Mergulho no Aparelho - v. Tríceps', null, false, null, '2026-01-01T00:00:00.000Z'),
  ('030d9711-6763-4290-83eb-6d64582febb5', 6, 'Rosca de Punho', null, false, null, '2026-01-01T00:00:00.000Z'),
  ('ddc1857d-6d3f-4308-9df0-8222a0325c06', 6, 'Rosca de Punho Invertida', null, false, null, '2026-01-01T00:00:00.000Z'),
  ('e796fd94-4c19-4540-be88-56134b5070fe', 7, 'Encolhimento de Ombros c/ Halteres', null, false, null, '2026-01-01T00:00:00.000Z'),
  ('98bddc82-a9da-4b5d-804f-173676818c7e', 8, 'Infra no Solo', null, false, null, '2026-01-01T00:00:00.000Z'),
  ('9915eaa1-a3cd-4256-b819-c1abd2679082', 8, 'Jack Knifes', null, false, null, '2026-01-01T00:00:00.000Z'),
  ('55a2e7aa-33b1-44fb-9683-5d73058c2cbd', 9, 'Legpress', null, false, null, '2026-01-01T00:00:00.000Z'),
  ('1c31d143-eda9-4856-b86c-103a758521b6', 9, 'Legpress Horizontal', null, false, null, '2026-01-01T00:00:00.000Z'),
  ('e4213805-9a24-4406-965e-eecbeb668cd2', 9, 'Agachamento no Hack', null, false, null, '2026-01-01T00:00:00.000Z'),
  ('bd9fef1e-ab98-46f3-b0e2-94ea9843ef86', 9, 'Extensão de Joelhos', null, false, null, '2026-01-01T00:00:00.000Z'),
  ('4d4636e6-bb00-450c-9970-ff1d3fbe37cc', 9, 'Flexão de Joelhos - Deitado', null, false, null, '2026-01-01T00:00:00.000Z'),
  ('6e04b2e4-9299-455d-9086-a15465da46d5', 9, 'Flexão de Joelhos no Aparelho - Sentado', null, false, null, '2026-01-01T00:00:00.000Z'),
  ('3e7da9de-fbdf-493a-bc0f-441975c0e70c', 9, 'Adução de Coxa Sentado', null, false, null, '2026-01-01T00:00:00.000Z'),
  ('cf7c0bf4-2225-4eae-aae5-cf7617b96d97', 9, 'Abdução de Coxa Sentado', null, false, null, '2026-01-01T00:00:00.000Z'),
  ('e28336be-d022-4e00-bfcd-6ed261a5a651', 10, 'Elevação de Quadril', null, false, null, '2026-01-01T00:00:00.000Z'),
  ('ad03f4d4-c40b-434f-a0b2-ef6e998afc77', 11, 'Panturrilha no Leg Press', null, false, null, '2026-01-01T00:00:00.000Z'),
  ('d516a5fb-7dec-453b-a920-3339ddf6c5b6', 11, 'Panturrilha em Pé no Aparelho', null, false, null, '2026-01-01T00:00:00.000Z'),
  ('0fd6d098-7662-4d3d-9c2e-f7e1ca9b3f67', 12, 'Agachamento Livre sem Peso', null, false, null, '2026-01-01T00:00:00.000Z'),
  ('7c737de4-9f9e-4b4a-a524-7c670031a3c4', 12, 'Ondas de Pulso - Para Baixo', null, false, null, '2026-01-01T00:00:00.000Z'),
  ('3b9c94ea-3a44-56a1-b3b7-8737b55baa45', 8, 'Abdominal 3/4', null, false, null, '2026-01-01T00:00:00.000Z'),
  ('5b6cf67b-814f-5422-bd42-fcc604aa3bb9', 9, 'Isquiotibiais 90/90', null, false, null, '2026-01-01T00:00:00.000Z'),
  ('e11f63d2-a610-5791-b0c5-462a65dcbf45', 8, 'Máquina de Abdominal', null, false, null, '2026-01-01T00:00:00.000Z'),
  ('3648b285-6581-5200-a4c6-cddd943200bb', 8, 'Roda Abdominal', null, false, null, '2026-01-01T00:00:00.000Z'),
  ('32cccf10-be47-51bb-a6ff-762f87dd2ad1', 9, 'Adutor com Rolo de Espuma', null, false, null, '2026-01-01T00:00:00.000Z'),
  ('aadcf94e-a1bd-515f-981a-9861103a742b', 9, 'Adutor/Virilha com Parceiro', null, false, null, '2026-01-01T00:00:00.000Z'),
  ('9276ea5e-9bac-5470-a184-0a1d3a434db1', 8, 'Windmill Avançado com Kettlebell', null, false, null, '2026-01-01T00:00:00.000Z'),
  ('d216a93b-f3f9-5042-bfe5-6f9fc3456675', 8, 'Bicicleta no Ar', null, false, null, '2026-01-01T00:00:00.000Z'),
  ('e582a00e-fdc8-5bc0-bcf7-8dbe54aff8e2', 9, 'Alongamento de Quadríceps em Quatro Apoios', null, false, null, '2026-01-01T00:00:00.000Z'),
  ('c37f21d6-aff9-5f2e-8b72-192c3355e992', 4, 'Rosca Martelo Alternada', null, false, null, '2026-01-01T00:00:00.000Z'),
  ('f3f1a78b-cc9a-5543-989a-a1220b725554', 8, 'Toque Alternado nos Calcanhares', null, false, null, '2026-01-01T00:00:00.000Z'),
  ('877feed9-deb9-5158-a65a-02f3e4862b4b', 4, 'Rosca Alternada com Halteres no Banco Inclinado', null, false, null, '2026-01-01T00:00:00.000Z'),
  ('d28d4425-6391-5511-990b-ef90c10ec4ac', 9, 'Salto Diagonal Alternado com as Pernas', null, false, null, '2026-01-01T00:00:00.000Z'),
  ('8bc5e9f4-7653-55ec-84f3-6fecb5ad4f60', 3, 'Desenvolvimento Alternado com Cabos', null, false, null, '2026-01-01T00:00:00.000Z'),
  ('f606fb60-bc2c-597e-9b26-61f5aab1e841', 3, 'Elevação Alternada do Deltóide', null, false, null, '2026-01-01T00:00:00.000Z'),
  ('959cbb78-5e4d-5e12-9698-e4fdd75ce20a', 1, 'Supino Alternado no Chão', null, false, null, '2026-01-01T00:00:00.000Z'),
  ('16ff0b39-f81b-52f1-878e-4263715e96b2', 9, 'Arranco Alternado a Partir da Suspensão', null, false, null, '2026-01-01T00:00:00.000Z'),
  ('89b1e552-735f-5a84-bcea-5b4a333451b1', 3, 'Desenvolvimento Alternado com Kettlebell', null, false, null, '2026-01-01T00:00:00.000Z'),
  ('9badce55-e2b4-5d15-b2d8-0d364e650a5f', 2, 'Remada Alternada com Kettlebell', null, false, null, '2026-01-01T00:00:00.000Z'),
  ('d73b3e80-32f7-52d2-9377-8fa1d5f21eb7', 2, 'Remada Renegada Alternada', null, false, null, '2026-01-01T00:00:00.000Z'),
  ('ea8e3ee0-22f9-52bf-8439-104b6e0c66bf', 11, 'Círculos de Tornozelo', null, false, null, '2026-01-01T00:00:00.000Z'),
  ('a3dfc634-15b6-51ed-96c7-8cb5b8678bba', 10, 'Tornozelo no Joelho', null, false, null, '2026-01-01T00:00:00.000Z'),
  ('14430067-7bc5-50fc-9456-d91b3315f5f8', 11, 'Liberação Miofascial do Tibial Anterior', null, false, null, '2026-01-01T00:00:00.000Z'),
  ('2cdab6e2-e39a-594c-abe9-dbb89753b135', 3, 'Press Anti-Gravidade', null, false, null, '2026-01-01T00:00:00.000Z'),
  ('f3bc1ef2-70b6-5c12-8012-91fbaacf21ab', 3, 'Círculos com os Braços', null, false, null, '2026-01-01T00:00:00.000Z'),
  ('c8943cb2-a055-5a7f-90df-6d9a4e7a8081', 3, 'Press Arnold com Halteres', null, false, null, '2026-01-01T00:00:00.000Z'),
  ('154b98c7-fe9d-54e4-aa80-3f94e11fc9eb', 1, 'Around The Worlds', null, false, null, '2026-01-01T00:00:00.000Z'),
  ('ed5ca5a5-a428-5fc4-85d1-d106f52fce48', 2, 'Treinador para Pedras Atlas', null, false, null, '2026-01-01T00:00:00.000Z'),
  ('a2144083-fd87-5617-9e27-0c16332fb25d', 2, 'Pedras Atlas', null, false, null, '2026-01-01T00:00:00.000Z'),
  ('6c83afc5-952c-5d27-b5d4-591d8ed21565', 2, 'Levantamento Terra com Eixo', null, false, null, '2026-01-01T00:00:00.000Z'),
  ('f3719ffe-fe5f-5bb6-935e-e3c6cb0c893e', 3, 'Crucifixo Invertido com Banda', null, false, null, '2026-01-01T00:00:00.000Z'),
  ('172d1d98-6419-5fa9-b040-919d92fea434', 9, 'Arrasto para Trás', null, false, null, '2026-01-01T00:00:00.000Z'),
  ('7b9f7c10-192d-5b74-9b84-a3595f50bc80', 3, 'Arremesso de Medicine Ball para Trás', null, false, null, '2026-01-01T00:00:00.000Z'),
  ('c3d5d2b2-9642-5600-823e-afd8b54618cf', 11, 'Prancha de Equilíbrio', null, false, null, '2026-01-01T00:00:00.000Z'),
  ('e9e4e9ff-662b-5bc0-acd5-a3fe1cf486ab', 9, 'Flexão de Pernas com Bola', null, false, null, '2026-01-01T00:00:00.000Z'),
  ('8750fc6d-f19a-5ab4-85cb-a5134ddd6307', 2, 'Barra Fixa Assistida com Banda', null, false, null, '2026-01-01T00:00:00.000Z'),
  ('8ec07d21-bccb-5dba-892d-6e67423e4aec', 9, 'Bom Dia com Banda', null, false, null, '2026-01-01T00:00:00.000Z'),
  ('bdfff5b4-c697-5b29-a16f-90415a321efc', 9, 'Bom Dia com Puxada de Banda', null, false, null, '2026-01-01T00:00:00.000Z'),
  ('c144ad3f-608f-54d5-a196-ddb92f5ba227', 9, 'Adução de Quadril com Banda', null, false, null, '2026-01-01T00:00:00.000Z'),
  ('559ec132-1f18-502b-9f0e-69dba4a801e0', 3, 'Abertura de Banda', null, false, null, '2026-01-01T00:00:00.000Z'),
  ('74040f07-a4d3-50e5-a413-91c98789afc4', 5, 'Tríceps Skull Crusher com Banda', null, false, null, '2026-01-01T00:00:00.000Z'),
  ('f45d7123-07ad-5394-811e-74b67e3fbbdf', 8, 'Abdominal com Roda de Abdominais usando Barra', null, false, null, '2026-01-01T00:00:00.000Z'),
  ('05fb5e67-7424-5451-a2ce-4a4e3f4a1c72', 8, 'Abdominal com Roda de Abdominais usando Barra - Ajoelhado', null, false, null, '2026-01-01T00:00:00.000Z'),
  ('54b972ec-74d0-5f41-b0a5-3a00d51d80f1', 1, 'Supino Reto com Barra - Pegada Média', null, false, null, '2026-01-01T00:00:00.000Z'),
  ('a540d014-fd6f-5a24-93ce-7976fa4e379d', 4, 'Rosca Direta com Barra', null, false, null, '2026-01-01T00:00:00.000Z'),
  ('511b666b-59f9-5095-b258-0b164d090b1b', 4, 'Rosca com Barra no Banco Inclinado', null, false, null, '2026-01-01T00:00:00.000Z'),
  ('9594c991-7afa-57ba-88b9-9cc90023502f', 2, 'Levantamento Terra com Barra', null, false, null, '2026-01-01T00:00:00.000Z'),
  ('bdc86fa5-a3bc-5d8e-bceb-326ef602917d', 9, 'Agachamento Livre com Barra', null, false, null, '2026-01-01T00:00:00.000Z'),
  ('050a0e3e-1345-50c9-bf72-0f9b6620e666', 10, 'Elevação de Quadril com Barra', null, false, null, '2026-01-01T00:00:00.000Z'),
  ('ddb017b7-4d7f-5068-8849-69e61d332331', 1, 'Supino Guilhotina com Barra', null, false, null, '2026-01-01T00:00:00.000Z'),
  ('4ddfcb04-c8e5-5462-b87d-c7ee9101b27b', 9, 'Agachamento Hack com Barra', null, false, null, '2026-01-01T00:00:00.000Z'),
  ('630f269d-10f3-50b2-9da9-132666d2bec5', 10, 'Elevação Pélvica com Barra', null, false, null, '2026-01-01T00:00:00.000Z'),
  ('8d809988-1ad9-5845-82d8-7f520b6b85ae', 1, 'Supino Inclinado com Barra - Pegada Média', null, false, null, '2026-01-01T00:00:00.000Z'),
  ('31f002cb-d528-5d5f-9982-2aace14cb80f', 3, 'Elevação de Ombros Inclinada com Barra', null, false, null, '2026-01-01T00:00:00.000Z'),
  ('977a53f2-aad8-5407-8de4-ac0ca90ec63f', 9, 'Afundo com Barra', null, false, null, '2026-01-01T00:00:00.000Z'),
  ('9da54f1b-ddc0-564f-a06e-a2ec87d9cfb0', 3, 'Remada Alta para Deltóides Posteriores com Barra', null, false, null, '2026-01-01T00:00:00.000Z'),
  ('6cabac54-7682-5454-ab33-4614e7c7f492', 8, 'Rollout com Barra a Partir do Banco', null, false, null, '2026-01-01T00:00:00.000Z'),
  ('88218cf7-84fa-5207-9ce5-9397bff46018', 11, 'Elevação de Panturrilha Sentado com Barra', null, false, null, '2026-01-01T00:00:00.000Z'),
  ('5a086271-8bf4-51d7-a7f3-8c1b8ed70018', 3, 'Desenvolvimento Militar com Barra', null, false, null, '2026-01-01T00:00:00.000Z'),
  ('9204a125-8d90-5ef1-9fb2-eb44b183ad2c', 7, 'Encolhimento de Ombros com Barra', null, false, null, '2026-01-01T00:00:00.000Z'),
  ('d996eae0-1ddd-51a7-9731-e5f986589e7c', 7, 'Encolhimento com Barra Atrás das Costas', null, false, null, '2026-01-01T00:00:00.000Z'),
  ('364b052d-ef01-58ec-9f0c-2aeacdbdf6c5', 8, 'Inclinação Lateral com Barra', null, false, null, '2026-01-01T00:00:00.000Z'),
  ('186c995f-0510-5424-bf58-8907bd08ffc9', 9, 'Agachamento Lateral com Barra', null, false, null, '2026-01-01T00:00:00.000Z'),
  ('d6eb868d-d94d-5205-bfd4-26caa0c74bb0', 9, 'Agachamento com Barra', null, false, null, '2026-01-01T00:00:00.000Z'),
  ('2f5220d7-e81c-5d3a-a477-2d4ac23f3761', 9, 'Agachamento com Barra até o Banco', null, false, null, '2026-01-01T00:00:00.000Z'),
  ('d794d165-6f64-5460-9953-de1311b073c5', 9, 'Step Up com Barra', null, false, null, '2026-01-01T00:00:00.000Z'),
  ('e3d489dd-0fdb-5e65-bd00-2a9bf268be71', 9, 'Afundo Caminhando com Barra', null, false, null, '2026-01-01T00:00:00.000Z'),
  ('8b29dbf0-c4fb-5dab-8452-03fe2a56c9ba', 9, 'Arrasto de Trenó em Posição de Urso', null, false, null, '2026-01-01T00:00:00.000Z'),
  ('c0d1462f-23c0-50e6-8621-30c788e5d5ae', 1, 'Alongamento de Peito Atrás da Cabeça', null, false, null, '2026-01-01T00:00:00.000Z'),
  ('08f8ace3-0a1e-5169-a629-540fbc6c3636', 5, 'Mergulho no Banco', null, false, null, '2026-01-01T00:00:00.000Z'),
  ('9045ca5e-6972-596f-b2c0-00890622b166', 9, 'Salto no Banco', null, false, null, '2026-01-01T00:00:00.000Z'),
  ('d949ddf2-d14e-53b0-aed4-94418157b72f', 5, 'Supino - Powerlifting', null, false, null, '2026-01-01T00:00:00.000Z'),
  ('dbfde718-2881-56e0-84d2-5855e73240dd', 1, 'Supino com Elásticos', null, false, null, '2026-01-01T00:00:00.000Z'),
  ('b78b5f2a-d03f-5f58-93db-0da729543cfe', 5, 'Supino com Correntes', null, false, null, '2026-01-01T00:00:00.000Z'),
  ('066ed837-0be5-5695-8d42-3a4a77e86929', 9, 'Corrida no Banco', null, false, null, '2026-01-01T00:00:00.000Z'),
  ('472ac9eb-dd7d-5a52-a1f9-82727e63c96b', 2, 'Pullover com Barra e Braços Flexionados', null, false, null, '2026-01-01T00:00:00.000Z'),
  ('28ba8c31-9a72-59d6-a431-3ac752e679b2', 8, 'Elevação de Quadril com Joelhos Flexionados', null, false, null, '2026-01-01T00:00:00.000Z'),
  ('590b0e0a-b67d-5217-9d2a-0bd34deb30b5', 2, 'Remada Curvada com Barra', null, false, null, '2026-01-01T00:00:00.000Z'),
  ('0622d0c6-e49f-5433-9958-5d4f917f79b5', 3, 'Elevação Posterior de Deltóide com Halteres Inclinado e Cabeça no Banco', null, false, null, '2026-01-01T00:00:00.000Z'),
  ('79e9b2ae-fcc3-5ce6-adee-55bca0916dd3', 3, 'Elevação Lateral Inclinada com Polia Baixa', null, false, null, '2026-01-01T00:00:00.000Z'),
  ('b6e3f787-03ba-5370-b751-97b0afabe2b2', 2, 'Remada Curvada com Barra Longa e Um Braço', null, false, null, '2026-01-01T00:00:00.000Z'),
  ('69f3a41f-b50a-5a87-b9d7-98973dc1758e', 2, 'Remada Curvada com Barra Longa e Dois Braços', null, false, null, '2026-01-01T00:00:00.000Z'),
  ('f31d4c4a-9a4b-500c-9059-4e72afa70ce4', 2, 'Remada Curvada com Dois Halteres', null, false, null, '2026-01-01T00:00:00.000Z'),
  ('40189840-f00e-55e2-b733-968ee375f239', 2, 'Remada Curvada com Dois Halteres e Palmas para Dentro', null, false, null, '2026-01-01T00:00:00.000Z'),
  ('6029c76e-bcc6-5545-9d08-bcec8129041d', 8, 'Bent Press com Kettlebell', null, false, null, '2026-01-01T00:00:00.000Z'),
  ('acbbb290-de93-57fb-8239-c89e415898fb', 9, 'Ciclismo', null, false, null, '2026-01-01T00:00:00.000Z'),
  ('7bcd2b60-ebc5-5e3e-9ee8-67aca3200194', 9, 'Ciclismo Estacionário', null, false, null, '2026-01-01T00:00:00.000Z'),
  ('0585f8c1-115a-5fdd-b5f4-b245d6231358', 5, 'Supino com Tábuas', null, false, null, '2026-01-01T00:00:00.000Z'),
  ('ac89f68f-5d2a-5e23-8f8a-0c6a1e08fd45', 5, 'Body-Up', null, false, null, '2026-01-01T00:00:00.000Z'),
  ('22d39ffb-8c31-5972-8923-adab8c6729c1', 5, 'Tríceps Press Corporal', null, false, null, '2026-01-01T00:00:00.000Z'),
  ('6d6df267-1e9b-5ef6-8bfa-1c460fd222cb', 1, 'Flyes Corporal', null, false, null, '2026-01-01T00:00:00.000Z'),
  ('93e70bfa-ff96-5738-8deb-216caa94d5b6', 2, 'Remada Média Corporal', null, false, null, '2026-01-01T00:00:00.000Z'),
  ('4860c98f-d093-5fa7-9036-efbe7181147a', 9, 'Afundo Caminhando Corporal', null, false, null, '2026-01-01T00:00:00.000Z'),
  ('305a638a-19cf-54a5-a12d-b59398397863', 8, 'Crunch com Cabo e Bosu Ball com Flexões Laterais', null, false, null, '2026-01-01T00:00:00.000Z'),
  ('1914a24f-5217-58e3-adb3-e1679bc19c43', 6, 'Clean de Kettlebell Bottoms-Up da Posição Suspensa', null, false, null, '2026-01-01T00:00:00.000Z'),
  ('9363c91a-089a-5482-b690-1a0a539c48bb', 8, 'Bottoms-Up', null, false, null, '2026-01-01T00:00:00.000Z'),
  ('fe98e2c7-cfc8-5b65-a897-462262d6b062', 9, 'Salto na Caixa (Resposta Múltipla)', null, false, null, '2026-01-01T00:00:00.000Z'),
  ('1b1e9774-947e-5491-a11c-63771d0e1035', 9, 'Pulo na Caixa', null, false, null, '2026-01-01T00:00:00.000Z'),
  ('42e73a95-4c5a-5ef0-9c6a-79887f3408dc', 9, 'Agachamento na Caixa', null, false, null, '2026-01-01T00:00:00.000Z'),
  ('9602b745-ee0c-538b-8fb6-23e2db8fa742', 9, 'Agachamento na Caixa com Elásticos', null, false, null, '2026-01-01T00:00:00.000Z'),
  ('04e8ddba-c658-5a07-9f76-1c8efa2ba3b4', 9, 'Agachamento na Caixa com Correntes', null, false, null, '2026-01-01T00:00:00.000Z'),
  ('5386aff8-8bfa-5eba-b770-664abe67434d', 4, 'Liberação Miofascial do Braquial', null, false, null, '2026-01-01T00:00:00.000Z'),
  ('4550f975-f1fc-52af-aac7-d355643bf21e', 3, 'Press Bradford/Rocky', null, false, null, '2026-01-01T00:00:00.000Z'),
  ('0b819fa0-a93e-5d14-bb06-7b85bc82894c', 8, 'Elevação de Quadril', null, false, null, '2026-01-01T00:00:00.000Z'),
  ('da63e1e4-be0f-5670-a7ec-23855dc3280a', 1, 'Press no Cabo', null, false, null, '2026-01-01T00:00:00.000Z'),
  ('0fea0d7b-1d43-5fac-8f42-1f8d1a3bfab7', 1, 'Crossover na Polia', null, false, null, '2026-01-01T00:00:00.000Z'),
  ('a5099cfa-0a23-5ff1-96b9-1ade87d13dbe', 8, 'Abdominal na Polia', null, false, null, '2026-01-01T00:00:00.000Z'),
  ('9e5f4529-68aa-5d9a-ac8d-46c80981a05a', 9, 'Levantamento Terra na Polia', null, false, null, '2026-01-01T00:00:00.000Z'),
  ('d242b758-0757-5844-839e-c4c194a6a8e5', 9, 'Adução de Quadril na Polia', null, false, null, '2026-01-01T00:00:00.000Z'),
  ('180f9ca2-d809-5ab6-91ad-c30443b024bd', 2, 'Tríceps Pulley Inclinado', null, false, null, '2026-01-01T00:00:00.000Z'),
  ('f2268ba1-9024-54b8-838f-7f479e5e681d', 5, 'Extensão de Tríceps Inclinada na Polia', null, false, null, '2026-01-01T00:00:00.000Z'),
  ('360a9841-7231-5fb4-9579-e2855dc1d77f', 3, 'Rotação Interna na Polia', null, false, null, '2026-01-01T00:00:00.000Z'),
  ('0f131bda-0aa6-5ce3-a15c-cf8c0a18b598', 1, 'Crucifixo na Polia (Iron Cross)', null, false, null, '2026-01-01T00:00:00.000Z'),
  ('a6f9bf36-5acd-5ccd-8f01-ae77296fdaad', 8, 'Giro de Judô na Polia', null, false, null, '2026-01-01T00:00:00.000Z'),
  ('eaf90d05-7765-5ea6-8688-a8a033673cc4', 5, 'Tríceps Francês na Polia Deitado', null, false, null, '2026-01-01T00:00:00.000Z'),
  ('391e92ee-b96c-5207-b972-5a498c8d963d', 5, 'Tríceps Pulley Unilateral', null, false, null, '2026-01-01T00:00:00.000Z'),
  ('46a27187-025c-5b25-ba7a-9f22204765c4', 4, 'Rosca Scott na Polia', null, false, null, '2026-01-01T00:00:00.000Z'),
  ('2d2c42e7-bd1a-59a3-bf2d-07da5046eae6', 3, 'Crucifixo Inverso na Polia', null, false, null, '2026-01-01T00:00:00.000Z'),
  ('b43b9d39-54a0-564e-9b6e-fb1c319798f1', 8, 'Abdominal Infra na Polia', null, false, null, '2026-01-01T00:00:00.000Z'),
  ('b5970c37-5be3-56b8-b299-1a6b187d97c8', 5, 'Tríceps Corda Acima da Cabeça', null, false, null, '2026-01-01T00:00:00.000Z'),
  ('fdf3a9ae-c2ed-51d2-95ad-f152d504f589', 3, 'Remada Alta com Corda para Deltóides Posteriores', null, false, null, '2026-01-01T00:00:00.000Z'),
  ('b1b428fb-a1a6-5220-b7bf-7cee97e71492', 8, 'Rotação Russa na Polia', null, false, null, '2026-01-01T00:00:00.000Z'),
  ('5c10ad56-5686-5546-b517-b9f98adb8cec', 8, 'Abdominal Sentado na Polia', null, false, null, '2026-01-01T00:00:00.000Z'),
  ('808c9c2b-32eb-5a06-ac0b-abf3fe5f6ce1', 3, 'Elevação Lateral Sentado na Polia', null, false, null, '2026-01-01T00:00:00.000Z'),
  ('bdc6fdf8-d2cb-5ff3-9df0-18d633b9c4f4', 3, 'Desenvolvimento no Pulley', null, false, null, '2026-01-01T00:00:00.000Z'),
  ('93c1ed66-4caa-5f3e-8239-2f3db917db10', 7, 'Encolhimento no Pulley', null, false, null, '2026-01-01T00:00:00.000Z'),
  ('d87a9f90-0fca-5ad6-bc2c-18d2210371f3', 6, 'Flexão de Punho no Pulley', null, false, null, '2026-01-01T00:00:00.000Z'),
  ('ca1ff1df-c3f1-5c5d-800f-4824daae6782', 7, 'Encolhimento de Ombros na Máquina de Panturrilha', null, false, null, '2026-01-01T00:00:00.000Z'),
  ('04e380c6-64ef-57d9-86ac-a0ca2d287da1', 11, 'Press de Panturrilha', null, false, null, '2026-01-01T00:00:00.000Z'),
  ('794b4b0d-e89f-5f21-bc1c-aef577ae1b5b', 11, 'Elevação de Panturrilha com Halter', null, false, null, '2026-01-01T00:00:00.000Z'),
  ('3a8da458-a50e-5a01-8943-ce6db4ea3202', 11, 'Elevação de Panturrilha com Banda', null, false, null, '2026-01-01T00:00:00.000Z'),
  ('8eb394ba-bb4d-5915-b19b-e5fb312be41f', 11, 'Alongamento de Panturrilha com Cotovelos na Parede', null, false, null, '2026-01-01T00:00:00.000Z'),
  ('731ffcb7-ffd9-547e-a26e-7e076bb16ea8', 11, 'Alongamento de Panturrilha com Mãos na Parede', null, false, null, '2026-01-01T00:00:00.000Z'),
  ('368d1306-f25a-5866-8139-5f2623ff1f5b', 11, 'Auto-Massagem na Panturrilha', null, false, null, '2026-01-01T00:00:00.000Z'),
  ('c3f66fac-76fb-5638-929e-de130cf27e76', 9, 'Levantamento Terra de Carro', null, false, null, '2026-01-01T00:00:00.000Z'),
  ('19eb2605-8b12-5008-9fff-f07715606d2b', 3, 'Motoristas de Carro', null, false, null, '2026-01-01T00:00:00.000Z'),
  ('1794c3b6-e66c-5016-a4b6-cfecc22ae357', 9, 'Passo Rápido Carioca', null, false, null, '2026-01-01T00:00:00.000Z'),
  ('6340329c-0877-582e-8157-2e1f1202dc86', 2, 'Alongamento do Gato', null, false, null, '2026-01-01T00:00:00.000Z'),
  ('58ab528c-7e6b-5dcb-8d43-fd23ab78b640', 2, 'Arremesso por Cima com Recepção', null, false, null, '2026-01-01T00:00:00.000Z'),
  ('b474c29d-c34d-57eb-b794-f9eebb16457c', 5, 'Extensão com Alças e Correntes', null, false, null, '2026-01-01T00:00:00.000Z'),
  ('565be71e-1410-548b-97b3-599a8e4f89e1', 1, 'Supino com Correntes', null, false, null, '2026-01-01T00:00:00.000Z'),
  ('7f0b13a5-b2d1-5343-9582-96cfabeef4c4', 9, 'Alongamento de Perna Estendida na Cadeira', null, false, null, '2026-01-01T00:00:00.000Z'),
  ('60580baa-1ac3-508b-99b8-48518d377d75', 2, 'Alongamento Lombar na Cadeira', null, false, null, '2026-01-01T00:00:00.000Z'),
  ('2259492d-6b3e-5161-b2be-222cdfd955c7', 9, 'Agachamento na Cadeira', null, false, null, '2026-01-01T00:00:00.000Z'),
  ('fd5ee8d2-4830-54f0-b5b0-08e73ddbc4bb', 3, 'Alongamento da Parte Superior do Corpo na Cadeira', null, false, null, '2026-01-01T00:00:00.000Z'),
  ('191f778d-a10c-561f-aae4-bdc42ca3c22f', 1, 'Alongamento do Peito e Parte Dianteira do Ombro', null, false, null, '2026-01-01T00:00:00.000Z'),
  ('4f83af7b-102e-5b3d-849d-158730a3b4b6', 1, 'Arremesso de Peito com Base de Três Pontos', null, false, null, '2026-01-01T00:00:00.000Z'),
  ('119bd76f-c698-5f7a-b124-f87280e8f628', 1, 'Arremesso de Peito (Resposta Múltipla)', null, false, null, '2026-01-01T00:00:00.000Z'),
  ('2deb0a03-69a5-5769-a4ea-ad7851139cad', 1, 'Arremesso de Peito (Resposta Única)', null, false, null, '2026-01-01T00:00:00.000Z'),
  ('f4508ade-6ed4-5a83-bc56-23744972710a', 1, 'Arremesso de Peito com Corrida Após o Lançamento', null, false, null, '2026-01-01T00:00:00.000Z')
on conflict (id) do nothing;

insert into exercises (id, muscle_group_id, name, media_url, is_custom, owner_id, created_at) values
  ('38d66cf2-5b4c-516c-b19c-98a3e06efe31', 1, 'Alongamento do Peito na Bola de Estabilidade', null, false, null, '2026-01-01T00:00:00.000Z'),
  ('c1dddb91-3185-585e-abfa-03b8dc326d6a', 2, 'Postura da Criança', null, false, null, '2026-01-01T00:00:00.000Z'),
  ('ff594432-06a8-59c8-81a4-be67c9e5a5a1', 2, 'Chin-Up', null, false, null, '2026-01-01T00:00:00.000Z'),
  ('57781435-9572-54a0-a5b4-84d098d84dce', 7, 'Alongamento de Queixo ao Peito', null, false, null, '2026-01-01T00:00:00.000Z'),
  ('41547d7c-82f2-5dce-b690-b05aeef02138', 3, 'Circus Bell', null, false, null, '2026-01-01T00:00:00.000Z'),
  ('de53e6a2-a77f-5cdc-82a6-04a103f4e999', 9, 'Clean', null, false, null, '2026-01-01T00:00:00.000Z'),
  ('319059dc-961c-5622-86b4-cc48e6f48e3a', 9, 'Levantamento Terra para Clean', null, false, null, '2026-01-01T00:00:00.000Z'),
  ('e740eb40-778d-5218-bbb4-15dafe01ce84', 9, 'Puxada para Clean', null, false, null, '2026-01-01T00:00:00.000Z'),
  ('6722673a-bf6f-5436-88ab-433f2acafac4', 7, 'Encolhimento para Clean', null, false, null, '2026-01-01T00:00:00.000Z'),
  ('be176dc7-8eaa-52fb-b886-7785e3e59a57', 3, 'Clean e Arranco', null, false, null, '2026-01-01T00:00:00.000Z'),
  ('aa733228-209b-5aa0-a82b-1e2846b9b27d', 3, 'Clean e Desenvolvimento', null, false, null, '2026-01-01T00:00:00.000Z'),
  ('f2cdada5-5244-52bc-b04a-d93130b90eb3', 9, 'Clean a Partir de Blocos', null, false, null, '2026-01-01T00:00:00.000Z'),
  ('aecaf3c7-ef07-5385-a603-0bda4bbdf44f', 1, 'Flexão em Relógio', null, false, null, '2026-01-01T00:00:00.000Z'),
  ('c72fb37e-b522-5eb6-8441-8775dcf47684', 5, 'Supino Reto com Barra em Pegada Fechada', null, false, null, '2026-01-01T00:00:00.000Z'),
  ('2cd6472f-54bc-59a7-a878-24956ce1d881', 5, 'Supino com Halteres em Pegada Fechada', null, false, null, '2026-01-01T00:00:00.000Z'),
  ('e8050a8b-7e6d-5bcc-af20-2eceeb7a1383', 4, 'Rosca com Barra W em Pegada Fechada com Banda', null, false, null, '2026-01-01T00:00:00.000Z'),
  ('4c2e3953-e8c0-5465-bae8-f09fdd949a3c', 5, 'Supino com Barra W em Pegada Fechada', null, false, null, '2026-01-01T00:00:00.000Z'),
  ('b69a7657-0826-5686-9acc-82575502d239', 4, 'Rosca com Barra W em Pegada Fechada', null, false, null, '2026-01-01T00:00:00.000Z'),
  ('b7c54880-1eda-5f55-989e-7187cf5fb5d7', 2, 'Pulldown Frente em Pegada Fechada', null, false, null, '2026-01-01T00:00:00.000Z'),
  ('9d56378d-b493-5f77-9821-6945c3b889fc', 5, 'Flexão em Pegada Fechada com Halter', null, false, null, '2026-01-01T00:00:00.000Z'),
  ('d3460fef-ffcc-51b8-91fa-fdcd6557fce7', 4, 'Rosca com Barra em Pé em Pegada Fechada', null, false, null, '2026-01-01T00:00:00.000Z'),
  ('60d3f599-4750-5a55-b44e-9ac2f17ba23d', 8, 'Abdominal Casulo', null, false, null, '2026-01-01T00:00:00.000Z'),
  ('62299566-31a8-5cdb-9290-74cc22bd7566', 9, 'Roda de Conan', null, false, null, '2026-01-01T00:00:00.000Z'),
  ('d89555d0-597f-5587-91ae-50197f6d3773', 8, 'Abdominal Cruzado', null, false, null, '2026-01-01T00:00:00.000Z'),
  ('19d15c5b-1d34-5f32-941e-448550970353', 4, 'Rosca Martelo Cruzada', null, false, null, '2026-01-01T00:00:00.000Z'),
  ('32b9be06-a98f-56a8-9b5a-55f6b209588f', 1, 'Crossover com Faixas Elásticas', null, false, null, '2026-01-01T00:00:00.000Z'),
  ('5601a919-065b-51b5-9405-af6cdad6774a', 2, 'Afundo Reverso Cruzado', null, false, null, '2026-01-01T00:00:00.000Z'),
  ('ee561f77-c739-5c07-a73b-1309bfa931cb', 3, 'Crucifixo', null, false, null, '2026-01-01T00:00:00.000Z'),
  ('10b448dc-88dd-5ad2-9ee6-7e34738d7e11', 8, 'Abdominal com Mãos Acima da Cabeça', null, false, null, '2026-01-01T00:00:00.000Z'),
  ('8ab6d381-9e0d-5adc-b263-2ea8182aea7f', 8, 'Abdominal com Pernas na Bola', null, false, null, '2026-01-01T00:00:00.000Z'),
  ('6983e4c2-a81e-5333-8fd4-df4708f2dea7', 8, 'Abdominais', null, false, null, '2026-01-01T00:00:00.000Z'),
  ('9087c7f3-f04d-5691-9101-66f6782d53e6', 3, 'Cuban Press', null, false, null, '2026-01-01T00:00:00.000Z'),
  ('ced4b1d9-49b2-5a73-8c6a-9f997b1d3176', 2, 'Alongamento do Dançarino', null, false, null, '2026-01-01T00:00:00.000Z'),
  ('ae56eda6-da95-5266-9e8e-8ea8a42256f2', 8, 'Inseto Morto', null, false, null, '2026-01-01T00:00:00.000Z'),
  ('0e737393-080d-50ba-add1-7daf589dc5f8', 2, 'Levantamento Terra com Elásticos', null, false, null, '2026-01-01T00:00:00.000Z'),
  ('f60ca7ba-6587-519a-8d5d-1fade4172e7b', 2, 'Levantamento Terra com Correntes', null, false, null, '2026-01-01T00:00:00.000Z'),
  ('591c0663-3310-5427-bdd4-ce320c7707e9', 1, 'Supino Declinado com Barra', null, false, null, '2026-01-01T00:00:00.000Z'),
  ('fa7b1e12-6b20-5946-aa95-448047f7c0a0', 5, 'Supino Declinado com Pegada Fechada e Tríceps Testa', null, false, null, '2026-01-01T00:00:00.000Z'),
  ('2a7413ed-f2ce-5809-a439-816e3677ab07', 8, 'Abdominal Declinado', null, false, null, '2026-01-01T00:00:00.000Z'),
  ('2b93dc70-f9f6-5e52-afe1-4d73acf6bf71', 1, 'Supino Declinado com Halteres', null, false, null, '2026-01-01T00:00:00.000Z'),
  ('45fd9596-d688-501f-9e37-c8da468effbd', 1, 'Crucifixo Declinado com Halteres', null, false, null, '2026-01-01T00:00:00.000Z'),
  ('22d252a0-3557-5184-8215-55dc65a928dc', 5, 'Extensão de Tríceps Declinada com Halteres', null, false, null, '2026-01-01T00:00:00.000Z'),
  ('d286994a-a36d-5ee7-8cfe-ddc6dfa8317a', 5, 'Tríceps Francês no Banco Declinado com Barra W', null, false, null, '2026-01-01T00:00:00.000Z'),
  ('585c8291-df6e-5d7b-81b8-c3d2474e23c4', 8, 'Crunch Oblíquo no Banco Declinado', null, false, null, '2026-01-01T00:00:00.000Z'),
  ('ec2abccc-a34f-55f5-995c-5bd8d0636425', 1, 'Flexão no Banco Declinado', null, false, null, '2026-01-01T00:00:00.000Z'),
  ('877a9ba2-7d24-5ebc-8536-263cd40f8210', 8, 'Crunch Inverso no Banco Declinado', null, false, null, '2026-01-01T00:00:00.000Z'),
  ('951a5dc1-b3cf-5413-8231-40f74e53902c', 1, 'Supino no Smith com Banco Declinado', null, false, null, '2026-01-01T00:00:00.000Z'),
  ('fbc9ee4f-3f61-55b0-899d-7680a4a0cf29', 2, 'Levantamento Terra com Déficit', null, false, null, '2026-01-01T00:00:00.000Z'),
  ('f84bfb0c-6390-5766-92a8-2c327202c479', 9, 'Salto em Profundidade com Salto', null, false, null, '2026-01-01T00:00:00.000Z'),
  ('3cf1e6a9-5cb3-506c-8f44-9d7d4078fded', 1, 'Mergulho - Versão Peitoral', null, false, null, '2026-01-01T00:00:00.000Z'),
  ('a63fca77-de4a-54fc-b32c-f9d22c54fe80', 5, 'Mergulho - Versão Tríceps', null, false, null, '2026-01-01T00:00:00.000Z'),
  ('fa7c8962-9dc7-5388-ad25-d1a11f01a862', 11, 'Elevação de Panturrilha no Aparelho', null, false, null, '2026-01-01T00:00:00.000Z'),
  ('3d3daf56-d040-5159-bdfc-e8cad0416050', 9, 'Clean Alternado com Duas Kettlebells em Suspensão', null, false, null, '2026-01-01T00:00:00.000Z'),
  ('02eee486-ee68-5bd7-a3ca-176d7cb0b6c7', 3, 'Jerk com Duas Kettlebells', null, false, null, '2026-01-01T00:00:00.000Z'),
  ('ffa19ad2-8f8a-5894-9046-54788f12350e', 3, 'Push Press com Duas Kettlebells', null, false, null, '2026-01-01T00:00:00.000Z'),
  ('0425f369-8cc7-5550-9681-95bbe2e29ee1', 3, 'Snatch com Duas Kettlebells', null, false, null, '2026-01-01T00:00:00.000Z'),
  ('5af9b717-ebbf-5915-b93f-61c042029238', 8, 'Windmill com Duas Kettlebells', null, false, null, '2026-01-01T00:00:00.000Z'),
  ('3295df5b-be4b-5a55-92a6-fb7ae880194e', 9, 'Chute no Glúteo com Duas Pernas', null, false, null, '2026-01-01T00:00:00.000Z'),
  ('7e2d4ca3-9edc-58ca-9e42-4ff67260ef19', 10, 'Equilíbrio em Posição de Cachorro Olhando para Baixo', null, false, null, '2026-01-01T00:00:00.000Z'),
  ('2092cda9-9a2a-5ad3-a435-05c6662cacff', 4, 'Rosca Drag', null, false, null, '2026-01-01T00:00:00.000Z'),
  ('17ecc8f8-d196-5597-84f3-aa21d799c75e', 1, 'Flexão com Queda', null, false, null, '2026-01-01T00:00:00.000Z'),
  ('02675889-940b-503a-8078-4253aa06fb12', 4, 'Rosca Alternada com Halteres', null, false, null, '2026-01-01T00:00:00.000Z'),
  ('9650f655-2e6c-5cb7-8502-9e33856169bd', 1, 'Supino com Halteres e Pegada Neutra', null, false, null, '2026-01-01T00:00:00.000Z'),
  ('e791a2dc-efd2-56a8-a8db-a02be9d3d82d', 9, 'Arranco com Halteres', null, false, null, '2026-01-01T00:00:00.000Z'),
  ('3e6d0121-e1bd-5937-94e3-c18f74c7dec7', 5, 'Supino no Chão com Halteres', null, false, null, '2026-01-01T00:00:00.000Z'),
  ('8a6e96c5-3f63-5622-a444-824e28c9fb4b', 1, 'Crucifixo com Halteres', null, false, null, '2026-01-01T00:00:00.000Z'),
  ('f6f000d1-5951-5514-ba70-efc1e10edb79', 2, 'Remada Inclinada com Halteres', null, false, null, '2026-01-01T00:00:00.000Z'),
  ('c559d2b2-3542-55c1-be74-c3e432d9d6fa', 3, 'Elevação de Ombros Inclinada com Halteres', null, false, null, '2026-01-01T00:00:00.000Z'),
  ('b1896d79-9c88-52db-a2b5-aa12f69000ea', 9, 'Afundo com Halteres', null, false, null, '2026-01-01T00:00:00.000Z'),
  ('8b67a5c5-4fe9-5d38-b274-275c2ab94b19', 3, 'Elevação Lateral Posterior com Halter Deitado Unilateral', null, false, null, '2026-01-01T00:00:00.000Z'),
  ('b88b8ba2-c0aa-5081-8bc3-cc2e0f8698eb', 6, 'Pronação com Halter Deitado', null, false, null, '2026-01-01T00:00:00.000Z'),
  ('e6bf25f9-bc3c-5515-85dc-10548a686263', 3, 'Elevação Lateral Posterior com Halteres Deitado', null, false, null, '2026-01-01T00:00:00.000Z'),
  ('4307409b-0720-5538-87a5-e8225d4807b3', 6, 'Supinação com Halter Deitado Lateral', null, false, null, '2026-01-01T00:00:00.000Z'),
  ('6ce953f9-72ac-5a34-887a-67e0304303e0', 3, 'Desenvolvimento de Ombros com Halter Unilateral', null, false, null, '2026-01-01T00:00:00.000Z'),
  ('638eb109-5a78-5994-ad54-f852e1432cda', 3, 'Remada Alta com Halter Unilateral', null, false, null, '2026-01-01T00:00:00.000Z'),
  ('a06985b6-7db5-591a-8083-c2001682beeb', 4, 'Rosca Inclinada com Halteres Deitado', null, false, null, '2026-01-01T00:00:00.000Z'),
  ('fdd1de0d-8bce-52dd-9821-7c2d32625525', 3, 'Elevação Lateral com Halteres', null, false, null, '2026-01-01T00:00:00.000Z'),
  ('35883c5d-22b4-5f8a-8ddc-0342e5db7c28', 9, 'Afundo Posterior com Halteres', null, false, null, '2026-01-01T00:00:00.000Z'),
  ('d0c6a1ff-9466-5e56-a900-f8dd178e5d0b', 3, 'Elevação Frontal com Halteres em 30 Graus', null, false, null, '2026-01-01T00:00:00.000Z'),
  ('b2fbbf10-7028-5e69-a328-e6dae117d169', 9, 'Salto na Caixa Sentado com Halteres', null, false, null, '2026-01-01T00:00:00.000Z'),
  ('6ce873ce-4a72-5562-ab41-db86de6af4a2', 11, 'Panturrilha Sentado com Uma Perna e Halteres', null, false, null, '2026-01-01T00:00:00.000Z'),
  ('9f9ffa55-fec0-580d-825b-02ed6793eb17', 8, 'Inclinação Lateral com Halteres', null, false, null, '2026-01-01T00:00:00.000Z'),
  ('c22b67c2-519e-5347-a95d-8a6b677120de', 9, 'Agachamento com Halteres', null, false, null, '2026-01-01T00:00:00.000Z'),
  ('2549ef3d-5acd-5d4a-a574-ee9f42d0a147', 9, 'Agachamento até o Banco com Halteres', null, false, null, '2026-01-01T00:00:00.000Z'),
  ('b3b3b85f-69bc-5c78-96bb-65ac12ddb442', 9, 'Step Up com Halteres', null, false, null, '2026-01-01T00:00:00.000Z'),
  ('fa1258a3-5342-5381-a5d6-786768c9c36f', 5, 'Extensão de Tríceps com Halteres - Pegada Pronada', null, false, null, '2026-01-01T00:00:00.000Z'),
  ('16506f55-1d94-5e0c-a89f-094dc34cd6ce', 2, 'Alongamento Dinâmico das Costas', null, false, null, '2026-01-01T00:00:00.000Z'),
  ('102dc7d6-6e6f-5cbb-b3e0-99b0ab6abd3b', 1, 'Alongamento Dinâmico do Peito', null, false, null, '2026-01-01T00:00:00.000Z'),
  ('fff953bb-1ddb-515b-afa5-6b789f19a1d2', 4, 'Rosca com Barra W', null, false, null, '2026-01-01T00:00:00.000Z'),
  ('617a806c-1802-56c0-98d5-a0e971a6837b', 5, 'Tríceps Testa com Barra W', null, false, null, '2026-01-01T00:00:00.000Z'),
  ('91c9f8f2-0881-52cc-aec5-b18db39202d5', 3, 'Círculos com os Cotovelos', null, false, null, '2026-01-01T00:00:00.000Z'),
  ('e3830cab-c841-575c-acf3-553dbb521b15', 8, 'Cotovelo no Joelho', null, false, null, '2026-01-01T00:00:00.000Z'),
  ('0e77d1a6-c968-5a7b-9d53-08755dba209a', 1, 'Cotovelos para Trás', null, false, null, '2026-01-01T00:00:00.000Z'),
  ('8f82b45f-e650-5cea-bfce-5ce39d12e6b9', 9, 'Afundo Posterior Elevado', null, false, null, '2026-01-01T00:00:00.000Z'),
  ('da0b3089-62e5-5fdb-a960-88f9edc83f3b', 2, 'Remada no Pulley com Elevação', null, false, null, '2026-01-01T00:00:00.000Z'),
  ('a5fa6eee-2100-5570-8fac-537e0ae3c5c1', 9, 'Elíptico', null, false, null, '2026-01-01T00:00:00.000Z'),
  ('b787cca2-e6d7-5ccb-8645-e611e1963827', 8, 'Abdominal na Bola Suíça', null, false, null, '2026-01-01T00:00:00.000Z'),
  ('62853458-c6a6-5698-b028-cf7958f3cb03', 8, 'Flexão de Joelhos na Bola Suíça', null, false, null, '2026-01-01T00:00:00.000Z'),
  ('e272cf84-379f-5ac4-a5e6-d8983d3ebb30', 1, 'Pressão de Kettlebell no Chão com Amplitude Estendida Unilateral', null, false, null, '2026-01-01T00:00:00.000Z'),
  ('54354786-4560-54ce-a4b6-0b702413db63', 3, 'Rotação Externa com Halter', null, false, null, '2026-01-01T00:00:00.000Z'),
  ('f05057db-87e8-5632-8162-3ba6922517e3', 3, 'Rotação Externa com Banda', null, false, null, '2026-01-01T00:00:00.000Z'),
  ('5b4cbf0c-165b-5545-97fd-031003801d5e', 3, 'Rotação Externa no Cable', null, false, null, '2026-01-01T00:00:00.000Z'),
  ('d0ef3390-4e66-5fd9-9de9-217d0dd98aa1', 3, 'Face Pull', null, false, null, '2026-01-01T00:00:00.000Z'),
  ('d12074b6-1fa9-5689-8b02-ac5f5dcfd238', 6, 'Caminhada do Fazendeiro', null, false, null, '2026-01-01T00:00:00.000Z'),
  ('537ece1b-e480-5e5a-9a18-70dddca3d441', 9, 'Polichinelo Rápido', null, false, null, '2026-01-01T00:00:00.000Z'),
  ('3dc2a3bf-f24b-5949-8e2f-a5ff4ad454b8', 6, 'Rosca de Dedos', null, false, null, '2026-01-01T00:00:00.000Z'),
  ('c8a75deb-6d5b-5bc0-8faf-4a2e31d4d2fa', 1, 'Crucifixo no Cabo com Banco Plano', null, false, null, '2026-01-01T00:00:00.000Z'),
  ('20341c97-0dd7-5180-8d51-400c6bc02a99', 8, 'Puxada de Joelho no Banco Plano', null, false, null, '2026-01-01T00:00:00.000Z'),
  ('edcdd287-e9d9-53ce-a79b-a46b394c20c8', 4, 'Rosca Scott com Halteres no Banco Inclinado', null, false, null, '2026-01-01T00:00:00.000Z'),
  ('2be124dd-1ee4-556b-956a-8b2ed55bf1fe', 9, 'Elevação Glúteo-Isquiostibial no Chão', null, false, null, '2026-01-01T00:00:00.000Z'),
  ('bff5adcd-4202-5313-a8be-f7fa9ae8e6a1', 5, 'Supino no Chão', null, false, null, '2026-01-01T00:00:00.000Z'),
  ('173458a8-8a4e-5bef-a28a-c369400a1a57', 5, 'Supino no Chão com Correntes', null, false, null, '2026-01-01T00:00:00.000Z'),
  ('c24d5c47-1ced-5363-a392-09817e5b4ceb', 10, 'Chutes Alternados', null, false, null, '2026-01-01T00:00:00.000Z'),
  ('a596e9aa-1b99-5bcc-a918-d4b1190c74d3', 11, 'Liberação Miofascial do Pé', null, false, null, '2026-01-01T00:00:00.000Z'),
  ('4fb216d5-d8d5-5f8d-9a48-0bbd065498ff', 1, 'Arrasto para Frente com Pressão', null, false, null, '2026-01-01T00:00:00.000Z'),
  ('56c8c06f-463e-50af-9d68-2ae3895cd843', 9, 'Agachamento Frankenstein', null, false, null, '2026-01-01T00:00:00.000Z'),
  ('83200ace-3c1e-5cc8-a6b8-e6bf662fd578', 9, 'Agachamento com Salto Livre', null, false, null, '2026-01-01T00:00:00.000Z'),
  ('209a35f0-c10a-5b99-a2a3-97527a11f18a', 9, 'Saltos de Sapo', null, false, null, '2026-01-01T00:00:00.000Z'),
  ('5d0e8526-dcf4-569b-95b2-9a2f923211f3', 8, 'Abdominais de Sapo', null, false, null, '2026-01-01T00:00:00.000Z'),
  ('7d27a909-9603-554c-bf68-641d7068a9ee', 9, 'Agachamento Frontal com Barra', null, false, null, '2026-01-01T00:00:00.000Z'),
  ('9a1ca84a-28fb-5581-bb22-3278ee1852cf', 9, 'Agachamento Frontal com Barra até um Banco', null, false, null, '2026-01-01T00:00:00.000Z'),
  ('33b58dd6-b2e8-5b46-b2b1-dc7594c6b977', 9, 'Salto na Caixa Frontal', null, false, null, '2026-01-01T00:00:00.000Z'),
  ('59a010af-d0a2-56be-beae-2035ddaff480', 3, 'Elevação Frontal no Pulley', null, false, null, '2026-01-01T00:00:00.000Z'),
  ('ada9926c-dbfc-5e57-abfe-53aaaf0065aa', 9, 'Saltos Frontais sobre Cones (ou obstáculos)', null, false, null, '2026-01-01T00:00:00.000Z'),
  ('4c0e8924-decd-5b59-99f5-4810cd164ffe', 3, 'Elevação Frontal com Halteres', null, false, null, '2026-01-01T00:00:00.000Z'),
  ('558f9709-78d9-52c9-a06f-74b4eb60aa06', 3, 'Elevação Frontal com Halteres no Banco Inclinado', null, false, null, '2026-01-01T00:00:00.000Z'),
  ('e6656753-e1f1-5361-b72d-f2c1011bb7c6', 9, 'Elevação de Perna Frontal', null, false, null, '2026-01-01T00:00:00.000Z'),
  ('886b1ae5-463c-5648-b863-2f57e7714a7c', 1, 'Elevação Frontal e Pullover', null, false, null, '2026-01-01T00:00:00.000Z'),
  ('76cb0eda-600b-51af-a23e-4409064f5281', 9, 'Agachamento Frontal (Pegada de Arranco)', null, false, null, '2026-01-01T00:00:00.000Z'),
  ('325e8809-c036-5b92-9e20-c31915ae3eda', 9, 'Agachamento Frontal com Dois Kettlebells', null, false, null, '2026-01-01T00:00:00.000Z'),
  ('830e94d0-6ff5-59c2-824f-8e93b44f9672', 2, 'Pulldown com Amplitude Completa', null, false, null, '2026-01-01T00:00:00.000Z'),
  ('597876e7-aae0-5ab4-bf02-cee4fefbb4e7', 2, 'Barra Fixa no Esterno (Gironda)', null, false, null, '2026-01-01T00:00:00.000Z'),
  ('ac568bb0-ed37-5c31-bcf4-11b7d7f70cda', 9, 'Glute-Ham Raise', null, false, null, '2026-01-01T00:00:00.000Z'),
  ('145b0240-0883-5e43-9c23-d4ccd2e32298', 10, 'Coice de Glúteo', null, false, null, '2026-01-01T00:00:00.000Z'),
  ('7fae4674-4e4a-5317-a4e1-66ad99d9dab5', 9, 'Agachamento Goblet', null, false, null, '2026-01-01T00:00:00.000Z'),
  ('2983c750-fcc1-56fe-b99f-aedc84a141f5', 9, 'Bom Dia', null, false, null, '2026-01-01T00:00:00.000Z'),
  ('52bdc6f8-070f-5107-803a-8499f0433f80', 9, 'Bom Dia a Partir dos Pinos', null, false, null, '2026-01-01T00:00:00.000Z'),
  ('1b7f9490-788d-5b5d-b4fc-39642085a2b4', 8, 'Barra Fixa com Abdominal Gorila', null, false, null, '2026-01-01T00:00:00.000Z'),
  ('fb206143-f172-59b2-95ec-ab0212b8b4c0', 9, 'Alongamento de Virilha e Costas', null, false, null, '2026-01-01T00:00:00.000Z'),
  ('64b2c840-9392-54e8-874b-31efd05c4980', 9, 'Groiners', null, false, null, '2026-01-01T00:00:00.000Z'),
  ('2781aa1d-1c7b-5bfb-ba10-58342f7f46d1', 4, 'Rosca Martelo', null, false, null, '2026-01-01T00:00:00.000Z'),
  ('2b6d8a94-d41f-529b-8531-b4b159405fd1', 1, 'Supino Inclinado com Halteres em Pegada Neutra', null, false, null, '2026-01-01T00:00:00.000Z'),
  ('362bda9c-cf0f-5770-a945-8de358f8ba60', 9, 'Auto-Massagem de Isquiotibiais', null, false, null, '2026-01-01T00:00:00.000Z'),
  ('2f61e6fa-7feb-5e84-a9f6-bd3191840a83', 9, 'Alongamento de Isquiotibiais', null, false, null, '2026-01-01T00:00:00.000Z'),
  ('57e4b27c-91d5-56cd-9254-e33dbae4ba55', 3, 'Flexões de Mão (Handstand Push-Ups)', null, false, null, '2026-01-01T00:00:00.000Z'),
  ('ad14a719-c7ae-5699-a8af-3e4c9848e9d1', 9, 'Arranco Parado (Hang Clean)', null, false, null, '2026-01-01T00:00:00.000Z'),
  ('bd62579a-e08b-58b6-b915-1fca14a51fa8', 9, 'Arranco Parado - Abaixo dos Joelhos', null, false, null, '2026-01-01T00:00:00.000Z'),
  ('af963678-8d17-56e9-a5b5-624bcf66470e', 9, 'Arremesso Parado (Hang Snatch)', null, false, null, '2026-01-01T00:00:00.000Z'),
  ('9f88ab86-324c-5f10-ae71-93a78266bae3', 9, 'Arremesso Parado - Abaixo dos Joelhos', null, false, null, '2026-01-01T00:00:00.000Z'),
  ('09a4179d-d47a-56e4-9944-8f78a83cf266', 9, 'Bom Dia com Barra Suspensa', null, false, null, '2026-01-01T00:00:00.000Z'),
  ('fcd51e33-e4ed-5f5e-beff-9ba9c17c2114', 8, 'Elevação de Pernas na Barra', null, false, null, '2026-01-01T00:00:00.000Z'),
  ('c153f044-b7e6-5b1c-9009-fe6f10e30502', 8, 'Pike Suspenso', null, false, null, '2026-01-01T00:00:00.000Z'),
  ('e22d538b-13d3-5c0e-8f18-397d8f2d2a24', 9, 'Snatch Balance com Impulso', null, false, null, '2026-01-01T00:00:00.000Z'),
  ('482923a0-760c-5310-b18f-f2f98d5b037d', 1, 'Empurrão no Saco Pesado', null, false, null, '2026-01-01T00:00:00.000Z'),
  ('9011ad3c-b106-5d34-80a1-a3dc0a0c01de', 4, 'Rosca com Cabos Altos', null, false, null, '2026-01-01T00:00:00.000Z'),
  ('8d6239f0-50ed-5a0d-afda-8c317c57974e', 9, 'Círculos de Quadril (de quatro)', null, false, null, '2026-01-01T00:00:00.000Z'),
  ('49b19e0f-189a-51f0-880d-5eee8e0e0972', 10, 'Extensão de Quadril com Banda', null, false, null, '2026-01-01T00:00:00.000Z'),
  ('ca19c00e-51e1-5166-8f52-c2eb8e1ca332', 9, 'Flexão de Quadril com Banda', null, false, null, '2026-01-01T00:00:00.000Z'),
  ('ffe3fc15-7fb9-5380-9440-1f5a2aeec5c6', 10, 'Elevação de Quadril com Banda', null, false, null, '2026-01-01T00:00:00.000Z'),
  ('d4d4fff7-793f-52ce-b0de-c55e2131b074', 2, 'Abraçar a Bola', null, false, null, '2026-01-01T00:00:00.000Z'),
  ('edc54b95-64c2-5e6a-be16-e458cfcae38e', 2, 'Abraçar Joelhos no Peito', null, false, null, '2026-01-01T00:00:00.000Z'),
  ('a60c616d-da0a-55b4-9396-ac5b0e0e197b', 9, 'Saltos sobre Barreiras', null, false, null, '2026-01-01T00:00:00.000Z'),
  ('4826de14-25a2-53dd-a294-23bf4b25cedb', 2, 'Hiperextensões (Extensões Lombares)', null, false, null, '2026-01-01T00:00:00.000Z'),
  ('950a96fb-0f26-5389-917d-5383e7f08a01', 2, 'Hiperextensões Sem Banco de Hiperextensão', null, false, null, '2026-01-01T00:00:00.000Z'),
  ('5c1d66d6-e5af-57fd-8d53-c8dbb3519871', 9, 'Alongamento de Banda Iliotibial e Glúteo', null, false, null, '2026-01-01T00:00:00.000Z'),
  ('8c16a3de-db4d-52ec-87ce-d552beffd8b9', 9, 'Liberação Miofascial da Banda Iliotibial', null, false, null, '2026-01-01T00:00:00.000Z'),
  ('097a4ff2-a489-5901-be49-177c33bafcb6', 9, 'Lagarta', null, false, null, '2026-01-01T00:00:00.000Z'),
  ('414bd2fe-02be-5bed-b41b-3d3edb132d2b', 5, 'Extensão de Tríceps com Barra em Inclinação', null, false, null, '2026-01-01T00:00:00.000Z'),
  ('7dcfcd0c-5bbc-5a1e-9088-9a155942d0da', 2, 'Puxada em Banco Inclinado', null, false, null, '2026-01-01T00:00:00.000Z'),
  ('c699fea6-0830-5f47-b65f-c7c42b087f6b', 1, 'Press no Peito com Cabos em Inclinação', null, false, null, '2026-01-01T00:00:00.000Z'),
  ('d58a718f-5928-5dd0-89f3-b04ea8e86c09', 1, 'Fly com Cabos em Inclinação', null, false, null, '2026-01-01T00:00:00.000Z'),
  ('8bd2b18a-2f7b-584c-bafe-a2cca4bc3ce8', 1, 'Supino com Halteres em Inclinação e Palmas Voltadas para Dentro', null, false, null, '2026-01-01T00:00:00.000Z'),
  ('97daf919-17d0-5606-95de-653fa25166a7', 1, 'Crucifixo Inclinado com Halteres', null, false, null, '2026-01-01T00:00:00.000Z'),
  ('a3c18780-edcb-5327-b41b-7346d185f1bf', 1, 'Crucifixo Inclinado com Halteres - Com Torção', null, false, null, '2026-01-01T00:00:00.000Z'),
  ('f2188e06-351b-51e4-8fdb-6f0c2e3e26fa', 4, 'Rosca Martelo Inclinada', null, false, null, '2026-01-01T00:00:00.000Z'),
  ('816376c3-5e19-5d36-9f57-8495159c322d', 4, 'Rosca Inclinada para Bíceps Interno', null, false, null, '2026-01-01T00:00:00.000Z'),
  ('083da2b7-2b9a-53ba-a13f-9c867d45d580', 1, 'Flexão Inclinada', null, false, null, '2026-01-01T00:00:00.000Z'),
  ('998949dc-77a8-570d-8286-beeb1e6bad8f', 5, 'Flexão Inclinada com Pegada Fechada', null, false, null, '2026-01-01T00:00:00.000Z'),
  ('549bd568-0c96-5cea-91ba-d23fe3ebeb51', 1, 'Salto em Profundidade com Flexão Inclinada', null, false, null, '2026-01-01T00:00:00.000Z'),
  ('efc284a4-2bb2-5b85-8949-67a431d670eb', 1, 'Flexão Inclinada com Pegada Média', null, false, null, '2026-01-01T00:00:00.000Z'),
  ('b76f26fa-f942-52c6-9997-abafaf3148c4', 1, 'Flexão Inclinada com Pegada Invertida', null, false, null, '2026-01-01T00:00:00.000Z'),
  ('24f2da19-70b2-50bf-996d-83d73e7e4d7b', 1, 'Flexão Inclinada com Pegada Larga', null, false, null, '2026-01-01T00:00:00.000Z'),
  ('f1345d5c-497b-5a0c-95be-453d16218b50', 9, 'Alongamento Intermediário de Virilha', null, false, null, '2026-01-01T00:00:00.000Z'),
  ('ca1d7949-e0fb-5a8c-b74a-755a5f3b209b', 9, 'Alongamento Intermediário de Flexores do Quadril e Quadríceps', null, false, null, '2026-01-01T00:00:00.000Z'),
  ('c8e49402-cb00-5275-a857-6b8404dfd766', 3, 'Rotação Interna com Faixa', null, false, null, '2026-01-01T00:00:00.000Z'),
  ('e8afc8cf-825f-56ac-ae6a-81b5fc5e9aff', 2, 'Remada Invertida', null, false, null, '2026-01-01T00:00:00.000Z'),
  ('196758aa-90b6-5979-9c29-84eaa486b841', 2, 'Remada Invertida com Alças', null, false, null, '2026-01-01T00:00:00.000Z'),
  ('4c3b490e-2206-5c49-a125-75de2d0d31d9', 3, 'Iron Cross', null, false, null, '2026-01-01T00:00:00.000Z'),
  ('2f6670a9-6f41-5633-9d07-cfff29719111', 9, 'Iron Crosses (alongamento)', null, false, null, '2026-01-01T00:00:00.000Z'),
  ('c5b65aa0-100d-5474-a988-94682bfd542a', 1, 'Compressões Isométricas do Peito', null, false, null, '2026-01-01T00:00:00.000Z'),
  ('13ee4a65-e91d-5a01-b34a-58d4b5b224f5', 7, 'Exercício Isométrico de Pescoço - Frente e Costas', null, false, null, '2026-01-01T00:00:00.000Z'),
  ('de8caf76-0a54-5567-92d1-bf2c57f5a5bd', 7, 'Exercício Isométrico de Pescoço - Laterais', null, false, null, '2026-01-01T00:00:00.000Z'),
  ('09d612b0-0dd0-5089-993e-b813c7ee0505', 1, 'Isométrico Limpador de Para-brisa', null, false, null, '2026-01-01T00:00:00.000Z'),
  ('db93b083-fdcb-5550-ace1-86cebb812e68', 5, 'JM Press', null, false, null, '2026-01-01T00:00:00.000Z'),
  ('e16c1545-88aa-5a68-8919-7660cad8fe10', 8, 'Abdominal Janda', null, false, null, '2026-01-01T00:00:00.000Z'),
  ('c7f7284c-ec93-5cb9-b8a0-f6bcad824e45', 9, 'Agachamento Jefferson', null, false, null, '2026-01-01T00:00:00.000Z'),
  ('5eeca0ad-ba67-535d-8b8c-84e3e2c52037', 3, 'Balanceamento no Arranco', null, false, null, '2026-01-01T00:00:00.000Z'),
  ('7a71c29c-4128-5159-bd2b-3cd0b9a306c8', 9, 'Agachamento no Fundo do Arranco', null, false, null, '2026-01-01T00:00:00.000Z'),
  ('26da5568-0398-5c39-9ec3-a3635537b2af', 9, 'Corrida na Esteira', null, false, null, '2026-01-01T00:00:00.000Z'),
  ('509cb87d-637a-579b-a943-dfa876887f6c', 2, 'Carregamento de Barril', null, false, null, '2026-01-01T00:00:00.000Z')
on conflict (id) do nothing;

insert into exercises (id, muscle_group_id, name, media_url, is_custom, owner_id, created_at) values
  ('d34b10eb-7e83-544d-81d1-8dc2a149ae46', 3, 'Press Arnold com Kettlebell', null, false, null, '2026-01-01T00:00:00.000Z'),
  ('c21aa13a-a963-5c47-a921-5e1b3e18ccd8', 9, 'Clean Morto com Kettlebell', null, false, null, '2026-01-01T00:00:00.000Z'),
  ('35970b6d-2619-5811-aa15-b4e69922334f', 8, 'Figura 8 com Kettlebell', null, false, null, '2026-01-01T00:00:00.000Z'),
  ('cc4e4c8e-f546-5443-8229-359cd0b27313', 9, 'Clean Suspenso com Kettlebell', null, false, null, '2026-01-01T00:00:00.000Z'),
  ('279f76ca-557d-508a-bad1-877ec89c1419', 9, 'Stiff-Legged com Kettlebell em Uma Perna', null, false, null, '2026-01-01T00:00:00.000Z'),
  ('6a1f980d-e91b-5912-acbf-118f10896bba', 8, 'Passe com Kettlebell Entre as Pernas', null, false, null, '2026-01-01T00:00:00.000Z'),
  ('c04d557a-5fce-5e16-816c-ba59c8b6f7c1', 3, 'Navios Piratas com Kettlebell', null, false, null, '2026-01-01T00:00:00.000Z'),
  ('7f3c2ac5-7cc8-5e00-a875-8fa747a657b1', 9, 'Agachamento Pistol com Kettlebell', null, false, null, '2026-01-01T00:00:00.000Z'),
  ('50e1b505-cb15-5ff7-921a-56e5529686f3', 3, 'Press Sentado com Kettlebell', null, false, null, '2026-01-01T00:00:00.000Z'),
  ('f0ea1f88-a627-557e-bec5-94f06e29a742', 3, 'Press Alternado com Kettlebell', null, false, null, '2026-01-01T00:00:00.000Z'),
  ('a525a67d-98ce-544e-bb15-d7673e45e9ba', 7, 'Puxada Alta Sumô com Kettlebell', null, false, null, '2026-01-01T00:00:00.000Z'),
  ('cb4ca64f-0c02-5810-9d4d-c4ddb1b037c8', 3, 'Thruster com Kettlebell', null, false, null, '2026-01-01T00:00:00.000Z'),
  ('399e5a71-1a5c-56a8-a014-69ee3890de67', 3, 'Turkish Get-Up com Kettlebell (Estilo Afundo)', null, false, null, '2026-01-01T00:00:00.000Z'),
  ('ff612075-13dd-57ef-9f55-1d199e04c7e9', 3, 'Turkish Get-Up com Kettlebell (Estilo Agachamento)', null, false, null, '2026-01-01T00:00:00.000Z'),
  ('8b5d2ee4-0979-5eeb-8185-31d1a4438683', 8, 'Windmill com Kettlebell', null, false, null, '2026-01-01T00:00:00.000Z'),
  ('99063029-08a2-521b-8354-2584b685ba44', 2, 'Muscle Up com Kipping', null, false, null, '2026-01-01T00:00:00.000Z'),
  ('620e2439-3161-5393-9a39-e433b9ff88f3', 10, 'Joelho Cruzado no Corpo', null, false, null, '2026-01-01T00:00:00.000Z'),
  ('69230781-49e6-5301-91e5-97d8028dcfc7', 11, 'Círculos com os Joelhos', null, false, null, '2026-01-01T00:00:00.000Z'),
  ('9c1e0324-5568-5f6f-9bec-e783fa6696e1', 8, 'Elevação de Joelhos/Quadril nas Barras Paralelas', null, false, null, '2026-01-01T00:00:00.000Z'),
  ('9361e618-0840-5532-8cf2-83f84af17ef4', 9, 'Salto com Joelhos ao Peito', null, false, null, '2026-01-01T00:00:00.000Z'),
  ('979a1120-bbbf-570a-a475-4bd31ed81893', 3, 'Drill de Braços Ajoelhado', null, false, null, '2026-01-01T00:00:00.000Z'),
  ('42bcfb8f-5efd-5b36-a1fe-59d15e972fb4', 8, 'Crunch com Cabo Ajoelhado e Torções Oblíquas Alternadas', null, false, null, '2026-01-01T00:00:00.000Z'),
  ('50a201cc-f027-533b-af11-371748f98369', 5, 'Extensão de Tríceps com Cabo Ajoelhado', null, false, null, '2026-01-01T00:00:00.000Z'),
  ('0a616767-047b-56bd-888c-c76a25f25d5f', 6, 'Alongamento de Antebraço Ajoelhado', null, false, null, '2026-01-01T00:00:00.000Z'),
  ('578a8eec-4681-5eec-90af-1fcf9cbba69d', 2, 'Remada Alta com Polia Ajoelhado', null, false, null, '2026-01-01T00:00:00.000Z'),
  ('e6132d18-56fb-52e3-ab22-0ed816f27a78', 9, 'Alongamento do Flexor do Quadril Ajoelhado', null, false, null, '2026-01-01T00:00:00.000Z'),
  ('9c31bbea-eb45-52ef-91b5-e5870cc1db47', 10, 'Agachamento com Salto Ajoelhado', null, false, null, '2026-01-01T00:00:00.000Z'),
  ('babe050a-726a-5e3c-988b-f4daad3682fd', 2, 'Remada Alta Unilateral com Polia Ajoelhado', null, false, null, '2026-01-01T00:00:00.000Z'),
  ('83322835-33cf-58c0-80b0-00e6e65d3054', 10, 'Agachamento Ajoelhado', null, false, null, '2026-01-01T00:00:00.000Z'),
  ('319c054f-926b-5eb3-92c4-bcd716e66365', 8, 'Landmine 180''s', null, false, null, '2026-01-01T00:00:00.000Z'),
  ('cff3831f-337f-5b34-ac0f-bc3ccda9b77c', 3, 'Landmine Linear Jammer', null, false, null, '2026-01-01T00:00:00.000Z'),
  ('d6827eaf-d89c-543c-bef7-db45fe3b2efc', 9, 'Salto Lateral', null, false, null, '2026-01-01T00:00:00.000Z'),
  ('662f4ae2-98a6-578e-b9c1-ff57e75a519a', 9, 'Salto Lateral na Caixa', null, false, null, '2026-01-01T00:00:00.000Z'),
  ('a762ba06-b8b1-5ba9-9f5a-206e3b33b7d5', 9, 'Saltos Laterais com Cones', null, false, null, '2026-01-01T00:00:00.000Z'),
  ('cf391707-0384-52c2-8079-85e15167e2e3', 3, 'Elevação Lateral com Banda', null, false, null, '2026-01-01T00:00:00.000Z'),
  ('1d98970f-eb5c-5584-8e3b-174a38a82a53', 2, 'Auto-Liberação Miofascial do Latíssimo do Dorso', null, false, null, '2026-01-01T00:00:00.000Z'),
  ('c7ddedfa-0945-5c81-b44a-17efaeb7a87b', 1, 'Supino no Chão com Perna Cruzada', null, false, null, '2026-01-01T00:00:00.000Z'),
  ('870dc454-055a-5e89-bfd4-a69b41877ccc', 9, 'Alongamento de Isquiotibiais com Perna Elevada', null, false, null, '2026-01-01T00:00:00.000Z'),
  ('1e04b824-2712-557b-bcfd-149209822d27', 10, 'Elevação de Perna', null, false, null, '2026-01-01T00:00:00.000Z'),
  ('f7ab595c-fb2c-5595-b8d4-341c8c149e81', 8, 'Puxada de Pernas', null, false, null, '2026-01-01T00:00:00.000Z'),
  ('67a3ce12-8454-5f4a-9acd-4f2d6b5eefa7', 1, 'Supino na Máquina de Alavanca', null, false, null, '2026-01-01T00:00:00.000Z'),
  ('490c8f4a-8ec2-52f3-be3f-077242f47c4b', 9, 'Levantamento Terra na Máquina de Alavanca', null, false, null, '2026-01-01T00:00:00.000Z'),
  ('e2c29696-4702-5651-b54e-aaed7f7f2643', 1, 'Supino Declinado na Máquina de Alavanca', null, false, null, '2026-01-01T00:00:00.000Z'),
  ('188d2446-6977-5cfe-8747-8516d67a5172', 3, 'Desenvolvimento de Ombros na Máquina de Alavanca', null, false, null, '2026-01-01T00:00:00.000Z'),
  ('1012ff4b-5f85-529a-8dc6-73f5f8e493ac', 7, 'Encolhimento com Alavanca', null, false, null, '2026-01-01T00:00:00.000Z'),
  ('98b07b93-a47c-5c07-b133-f5c25b1858cc', 9, 'Técnica de Partida Linear em 3 Partes', null, false, null, '2026-01-01T00:00:00.000Z'),
  ('ff293389-6014-514c-bce1-234548d089a6', 9, 'Exercício de Aceleração Linear na Parede', null, false, null, '2026-01-01T00:00:00.000Z'),
  ('c1ed66e1-74e8-52de-a76b-dab77ee56618', 9, 'Salto em Profundidade Linear', null, false, null, '2026-01-01T00:00:00.000Z'),
  ('e0a01b78-9870-5d94-a51a-0ca160bd8274', 3, 'Levantamento de Tronco', null, false, null, '2026-01-01T00:00:00.000Z'),
  ('bd346c62-822e-53c5-85d6-4a5c244d2c42', 2, 'Pontes de Londres', null, false, null, '2026-01-01T00:00:00.000Z'),
  ('eac88e10-c7ce-5e27-b2e5-c3e6d880334e', 9, 'Olhando para o Teto', null, false, null, '2026-01-01T00:00:00.000Z'),
  ('5baea7a3-dd7c-5f93-b149-bd9701d6fe6c', 1, 'Crossover na Polia Baixa', null, false, null, '2026-01-01T00:00:00.000Z'),
  ('b41cc93f-b67f-553a-86b4-de7675f5dd1f', 5, 'Extensão de Tríceps na Polia Baixa', null, false, null, '2026-01-01T00:00:00.000Z'),
  ('d42d33ed-8f38-566b-9284-09d60af46db6', 3, 'Remada na Polia Baixa para o Pescoço', null, false, null, '2026-01-01T00:00:00.000Z'),
  ('ce6783f8-3e12-5c21-98a5-94dec9c348d9', 2, 'Auto-Massagem para Lombar', null, false, null, '2026-01-01T00:00:00.000Z'),
  ('3a758a9c-a25a-5b03-9149-3f91acb3aaae', 8, 'Curl para Lombar', null, false, null, '2026-01-01T00:00:00.000Z'),
  ('62173093-db41-5934-8ec5-5126dc34e047', 9, 'Afundo com Passagem de Kettlebell', null, false, null, '2026-01-01T00:00:00.000Z'),
  ('5f267951-cf27-5b6a-b67b-ca8a42a1ea51', 9, 'Afundo Explosivo no Smith', null, false, null, '2026-01-01T00:00:00.000Z'),
  ('61b92325-0ae0-5e58-a691-dcc16dd67202', 9, 'Alongamento de Virilha com Pernas Dobradas Deitado', null, false, null, '2026-01-01T00:00:00.000Z'),
  ('bbd3ded4-df92-5421-86a6-429db48f6f03', 4, 'Rosca com Cabo Deitado', null, false, null, '2026-01-01T00:00:00.000Z'),
  ('f4bdea22-6cd5-5308-bf6c-c474df8b7c86', 2, 'Remada com Barra Camberada Deitado', null, false, null, '2026-01-01T00:00:00.000Z'),
  ('13dcda37-b0e7-56c1-9312-f55debdb5562', 4, 'Rosca com Barra em Pegada Fechada na Polia Alta Deitado', null, false, null, '2026-01-01T00:00:00.000Z'),
  ('17fa7edc-86fb-5064-a25e-814d40be2902', 5, 'Extensão de Tríceps com Barra em Pegada Fechada Atrás da Cabeça Deitado', null, false, null, '2026-01-01T00:00:00.000Z'),
  ('8800fde6-74d4-5dae-aa66-cd9f3920f501', 5, 'Extensão de Tríceps com Barra em Pegada Fechada até o Queixo Deitado', null, false, null, '2026-01-01T00:00:00.000Z'),
  ('098ce39e-0696-59c8-8a1f-823ad42ce94f', 9, 'Crossover Deitado', null, false, null, '2026-01-01T00:00:00.000Z'),
  ('d53a313e-8cc3-5d8d-8224-d1768e5760c1', 7, 'Resistência de Pescoço com Anilha Deitado de Bruços', null, false, null, '2026-01-01T00:00:00.000Z'),
  ('f658719e-dc54-5127-ac81-07142b709d19', 7, 'Resistência de Pescoço com Anilha Deitado de Costas', null, false, null, '2026-01-01T00:00:00.000Z'),
  ('2d284413-9c47-5d38-ba8e-b22fd0f217b9', 10, 'Alongamento de Glúteo Deitado', null, false, null, '2026-01-01T00:00:00.000Z'),
  ('05bc1577-3ea4-5d9b-b80e-82363ea9094c', 9, 'Alongamento de Isquiotibiais Deitado', null, false, null, '2026-01-01T00:00:00.000Z'),
  ('d92fc1b6-fae8-5803-aebc-b56b488381f6', 4, 'Rosca Scott com Barra Deitado', null, false, null, '2026-01-01T00:00:00.000Z'),
  ('094f4677-5076-5b70-baea-51b0da3cd95f', 9, 'Agachamento na Máquina Deitado', null, false, null, '2026-01-01T00:00:00.000Z'),
  ('3ea5fd1c-affa-5845-8dbb-7ba3d3948cf5', 3, 'Elevação Lateral com Halter Deitado', null, false, null, '2026-01-01T00:00:00.000Z'),
  ('8d54fa28-eade-54e6-86dc-727a927e5b89', 9, 'Quadríceps Deitado Prono', null, false, null, '2026-01-01T00:00:00.000Z'),
  ('1b74c500-9977-51f8-b54e-193b7fe6d986', 3, 'Elevação Posterior Deitado', null, false, null, '2026-01-01T00:00:00.000Z'),
  ('564689c6-453b-52cd-9536-c76503ff1c3e', 4, 'Rosca Scott Deitado com Halteres', null, false, null, '2026-01-01T00:00:00.000Z'),
  ('bea90e99-a32e-5ef2-b843-63feb4a9acef', 2, 'Remada T-Bar Deitado', null, false, null, '2026-01-01T00:00:00.000Z'),
  ('550cae84-6ed7-5eea-83f2-8659ce2ad321', 5, 'Tríceps Francês Deitado', null, false, null, '2026-01-01T00:00:00.000Z'),
  ('726ed95e-68ce-5702-9295-84516364ef48', 4, 'Rosca Direta Máquina', null, false, null, '2026-01-01T00:00:00.000Z'),
  ('ef60375b-f1a2-5fc9-9846-b092b436e5db', 4, 'Rosca Scott Máquina', null, false, null, '2026-01-01T00:00:00.000Z'),
  ('ebc60bcf-fbf7-5c00-a2c7-394904643f68', 5, 'Tríceps Pulley Máquina', null, false, null, '2026-01-01T00:00:00.000Z'),
  ('78788142-1abe-565b-a887-c4bf5621d513', 1, 'Arremesso de Medicine Ball no Peito', null, false, null, '2026-01-01T00:00:00.000Z'),
  ('57370d7b-712f-5c40-bef3-f248d4fdb27c', 8, 'Torção Completa com Medicine Ball', null, false, null, '2026-01-01T00:00:00.000Z'),
  ('efa9e471-f54e-5a58-b446-dba191403c95', 3, 'Arremesso de Concha com Medicine Ball', null, false, null, '2026-01-01T00:00:00.000Z'),
  ('170b6cb7-0b3d-5bdf-86bc-e9474317391f', 2, 'Encolhimento de Costas Médias', null, false, null, '2026-01-01T00:00:00.000Z'),
  ('3489fb4c-0ead-5622-b8b4-c840267247db', 2, 'Alongamento de Costas Médias', null, false, null, '2026-01-01T00:00:00.000Z'),
  ('50c9f526-bdaf-5968-9239-9e82656ba18f', 2, 'Barra Fixa com Pegada Mista', null, false, null, '2026-01-01T00:00:00.000Z'),
  ('75e5016e-2bb8-5e33-8cb6-2e66aad23991', 9, 'Caminhada de Monstro', null, false, null, '2026-01-01T00:00:00.000Z'),
  ('ec85e61c-55e6-5ad4-bf42-cffb929795ed', 9, 'Escalador', null, false, null, '2026-01-01T00:00:00.000Z'),
  ('bd895913-d58f-5f99-b8e7-0817b27457a9', 9, 'Série de Movimentos de Corrida Dinâmica', null, false, null, '2026-01-01T00:00:00.000Z'),
  ('0478866b-e549-5048-ba5d-f91a2aead42f', 9, 'Arranco Muscular', null, false, null, '2026-01-01T00:00:00.000Z'),
  ('29fe9ac1-a647-5950-a307-4434ad435b10', 2, 'Muscle Up', null, false, null, '2026-01-01T00:00:00.000Z'),
  ('c0bc6491-70e5-57e2-977d-a778b7585c57', 9, 'Agachamento Hack com Postura Fechada', null, false, null, '2026-01-01T00:00:00.000Z'),
  ('72af2b85-2aed-5c76-beac-9ecc0d87de96', 9, 'Agachamento com Postura Fechada', null, false, null, '2026-01-01T00:00:00.000Z'),
  ('a3751be3-c11f-5e15-8a3a-595236e0450b', 9, 'Elevação de Glúteos e Isquiotibiais Natural', null, false, null, '2026-01-01T00:00:00.000Z'),
  ('292bae8d-1aa4-59d9-b4b6-0d91a5f88638', 7, 'Liberação Miofascial do Pescoço', null, false, null, '2026-01-01T00:00:00.000Z'),
  ('819185fa-07a7-5f39-91e9-35272e09e120', 1, 'Press no Pescoço', null, false, null, '2026-01-01T00:00:00.000Z'),
  ('20e976c8-e7cc-50b0-9df6-b91372764ab9', 8, 'Abdominais Oblíquos', null, false, null, '2026-01-01T00:00:00.000Z'),
  ('83f5588c-da56-5dd8-9d1a-4d2b850daef0', 8, 'Abdominais Oblíquos no Chão', null, false, null, '2026-01-01T00:00:00.000Z'),
  ('c7db5153-4352-52e2-ba58-129f9de164fa', 9, 'Agachamento Olímpico', null, false, null, '2026-01-01T00:00:00.000Z'),
  ('e795159d-0df8-542d-a63b-22ee1e8b17cd', 9, 'Alongamento de Quadríceps de Costas', null, false, null, '2026-01-01T00:00:00.000Z'),
  ('9760cc24-7402-542d-a2ea-0014dfa4e1be', 9, 'Alongamento de Quadríceps de Lado', null, false, null, '2026-01-01T00:00:00.000Z'),
  ('5c6275c8-e288-5cd8-9f0e-675cad539c42', 1, 'Crucifixo Unilateral no Banco Plano com Halter', null, false, null, '2026-01-01T00:00:00.000Z'),
  ('40741eaa-e62b-5656-b1bb-4698913edd2d', 8, 'Flexão Lateral com Cabo na Polia Alta Unilateral', null, false, null, '2026-01-01T00:00:00.000Z'),
  ('8ba5ab3d-f560-5cd6-b469-32ca350a87c7', 3, 'Elevação Lateral Inclinada Unilateral', null, false, null, '2026-01-01T00:00:00.000Z'),
  ('ffdcc70c-f414-55fe-a91d-537ba023687b', 9, 'Clean Unilateral com Kettlebell', null, false, null, '2026-01-01T00:00:00.000Z'),
  ('80c79b13-0724-59cc-84de-22d1dbd3475c', 3, 'Clean and Jerk Unilateral com Kettlebell', null, false, null, '2026-01-01T00:00:00.000Z'),
  ('cfc51fdb-4922-538b-925b-31ae6496bccd', 1, 'Supino no Chão Unilateral com Kettlebell', null, false, null, '2026-01-01T00:00:00.000Z'),
  ('4dffabca-65b0-50e2-a310-7fa67cfcef4d', 3, 'Jerk Unilateral com Kettlebell', null, false, null, '2026-01-01T00:00:00.000Z'),
  ('b4f4ef44-3ab6-51a8-9c58-d49f33dcf9db', 3, 'Desenvolvimento Militar com Kettlebell de Um Braço para o Lado', null, false, null, '2026-01-01T00:00:00.000Z'),
  ('95569551-7115-5078-866d-3384c1ce26d6', 3, 'Desenvolvimento Para com Kettlebell de Um Braço', null, false, null, '2026-01-01T00:00:00.000Z'),
  ('33bb1439-4f94-5a3c-94f0-50c5d35df4a7', 3, 'Desenvolvimento com Impulso de Kettlebell de Um Braço', null, false, null, '2026-01-01T00:00:00.000Z'),
  ('0a4a6823-60d5-5954-8e44-804e638c1c75', 2, 'Remada com Kettlebell de Um Braço', null, false, null, '2026-01-01T00:00:00.000Z'),
  ('706d3b38-e64b-58b9-a47a-e0032491f149', 3, 'Arranco com Kettlebell de Um Braço', null, false, null, '2026-01-01T00:00:00.000Z'),
  ('fd9073cc-db6c-50c3-85a1-3b5059befaec', 3, 'Arremesso em Afundo com Kettlebell de Um Braço', null, false, null, '2026-01-01T00:00:00.000Z'),
  ('4d90c6a0-09c9-5e26-ad81-945e696825e0', 3, 'Arranco em Afundo com Kettlebell de Um Braço', null, false, null, '2026-01-01T00:00:00.000Z'),
  ('d412d177-1b21-5fda-a787-f4340e97aab4', 9, 'Balancê com Kettlebell de Um Braço', null, false, null, '2026-01-01T00:00:00.000Z'),
  ('fa44cf74-77f6-589b-9661-6131db54b326', 2, 'Remada com Barra Longa de Um Braço', null, false, null, '2026-01-01T00:00:00.000Z'),
  ('d2caa1cb-6a63-5b28-af4a-715f16edf78e', 8, 'Arremesso de Medicine Ball com Um Braço', null, false, null, '2026-01-01T00:00:00.000Z'),
  ('c3a2df23-8134-5fc4-a980-fad45fb62afd', 9, 'Kettlebell Clean com uma Mão e Palma Aberta', null, false, null, '2026-01-01T00:00:00.000Z'),
  ('4a324c26-113c-5a5c-b0dc-4286ca48339d', 9, 'Agachamento com Kettlebell Acima da Cabeça e uma Mão', null, false, null, '2026-01-01T00:00:00.000Z'),
  ('7a7eb329-c4a8-53de-8194-34089387bacc', 9, 'Levantamento Terra Lateral com uma Mão', null, false, null, '2026-01-01T00:00:00.000Z'),
  ('07349587-b166-5d35-9e66-624114f570d3', 3, 'Elevação Lateral com uma Mão', null, false, null, '2026-01-01T00:00:00.000Z'),
  ('9345b318-0eee-5edb-aea4-b2b9033a4b5e', 10, 'Coice com Cabo e uma Perna', null, false, null, '2026-01-01T00:00:00.000Z'),
  ('3a8bbbbf-5d50-5b2f-b9e9-a24ce16ee9b5', 2, 'Um Braço Contra a Parede', null, false, null, '2026-01-01T00:00:00.000Z'),
  ('6527cd8e-35bd-5b43-952b-d422ae6c8a61', 2, 'Barra Fixa com uma Mão', null, false, null, '2026-01-01T00:00:00.000Z'),
  ('b1798abe-2e28-55b1-a1e9-6ebd9626e8fe', 1, 'Supino com Halter e uma Mão', null, false, null, '2026-01-01T00:00:00.000Z'),
  ('add4c05d-4264-5f55-9aeb-2d6ab6a40716', 4, 'Rosca Scott com Halter e uma Mão', null, false, null, '2026-01-01T00:00:00.000Z'),
  ('f04351c3-0f89-5970-9189-68c81d2d7dc8', 5, 'Supino no Chão com uma Mão', null, false, null, '2026-01-01T00:00:00.000Z'),
  ('dc5e52f0-1f34-5d67-99fb-9ee2c6993087', 2, 'Pulldown Unilateral com Pegada Pronada', null, false, null, '2026-01-01T00:00:00.000Z'),
  ('a895b07a-6dd0-568b-be30-37f42e9f1129', 5, 'Extensão de Tríceps Unilateral com Halter em Pegada Pronada', null, false, null, '2026-01-01T00:00:00.000Z'),
  ('73fc6b96-8faf-5750-b9a6-9e47a2cb65ce', 5, 'Extensão de Tríceps Unilateral com Halter em Pegada Supinada', null, false, null, '2026-01-01T00:00:00.000Z'),
  ('9847e022-bd20-5541-bf0b-92e03ee812a0', 9, 'Meia-Locusta Unilateral', null, false, null, '2026-01-01T00:00:00.000Z'),
  ('5f2c0602-f16c-51d1-945b-cb357f47c3af', 2, 'Suspensão Unilateral', null, false, null, '2026-01-01T00:00:00.000Z'),
  ('078c7d15-9f88-5103-9a3b-760c8dbce449', 10, 'Joelho ao Peito Unilateral', null, false, null, '2026-01-01T00:00:00.000Z'),
  ('5d4266d1-61d7-5a7f-8a52-3dc28e05a309', 9, 'Agachamento Unilateral com Barra', null, false, null, '2026-01-01T00:00:00.000Z'),
  ('147f6d87-7ed9-5f38-af7f-0a7c3f27f0ab', 9, 'Clean com Kettlebell e Palma Aberta', null, false, null, '2026-01-01T00:00:00.000Z'),
  ('3df20af6-6f33-5a23-9707-671efc38c460', 8, 'Otis-Up', null, false, null, '2026-01-01T00:00:00.000Z'),
  ('017e7715-e4f6-534c-9d17-9f0bfc302613', 4, 'Rosca com Cabo por Cima', null, false, null, '2026-01-01T00:00:00.000Z'),
  ('6d06de6d-a04b-548e-9a18-e360b1fd7a2d', 2, 'Alongamento de Lat com Braço Elevado', null, false, null, '2026-01-01T00:00:00.000Z'),
  ('eff0d92a-9a29-59b0-b56b-b22f36d079c3', 2, 'Arremesso de Medicine Ball por Cima da Cabeça', null, false, null, '2026-01-01T00:00:00.000Z'),
  ('d5685b1e-7ed0-5784-9b3b-34c5a6b02ae9', 9, 'Agachamento com Barra por Cima da Cabeça', null, false, null, '2026-01-01T00:00:00.000Z'),
  ('6c2f008a-3ccd-5d21-9c0d-55226ad5746a', 8, 'Alongamento por Cima da Cabeça', null, false, null, '2026-01-01T00:00:00.000Z'),
  ('456978a4-66eb-5178-9c86-cb84c8854640', 5, 'Alongamento de Tríceps com Braço Elevado', null, false, null, '2026-01-01T00:00:00.000Z'),
  ('f49d751f-ab99-50f0-923b-7a8562a30e34', 8, 'Pallof Press', null, false, null, '2026-01-01T00:00:00.000Z'),
  ('ea2c5bf3-3772-5c56-beb0-1e2cb97b84ac', 8, 'Pallof Press com Rotação', null, false, null, '2026-01-01T00:00:00.000Z'),
  ('95a5cbd2-87a5-5e5a-82f4-be2fccc162a0', 6, 'Rosca de Punho com Halteres em Pronação sobre Banco', null, false, null, '2026-01-01T00:00:00.000Z'),
  ('1cb8cd80-f3c2-5cba-9954-edb006a9772f', 6, 'Rosca de Punho com Halteres em Supinação sobre o Banco', null, false, null, '2026-01-01T00:00:00.000Z'),
  ('0f3c1ae5-3ceb-5f07-9b5e-ee4469f82653', 5, 'Mergulho em Barras Paralelas', null, false, null, '2026-01-01T00:00:00.000Z'),
  ('26967b7b-0696-52d9-9812-e05c6541cefa', 2, 'Inclinação Pélvica para Ponte', null, false, null, '2026-01-01T00:00:00.000Z'),
  ('090ba975-002d-5962-ad4c-9fef45699d4b', 11, 'Liberação Miofascial dos Fibulares', null, false, null, '2026-01-01T00:00:00.000Z'),
  ('bdeff180-08cb-5eab-95f7-c20f24f339d3', 11, 'Alongamento dos Fibulares', null, false, null, '2026-01-01T00:00:00.000Z'),
  ('1817d8d7-74b6-576e-8ab6-a92dd7676d54', 10, 'Ponte de Quadril com Bola Suíça', null, false, null, '2026-01-01T00:00:00.000Z'),
  ('74dbb7b4-fdde-5b23-8c6c-9916cc1bde85', 5, 'Press com Pinos', null, false, null, '2026-01-01T00:00:00.000Z'),
  ('3c68a5f2-6281-52ad-8130-ec4f39e6fb55', 10, 'Liberação Miofascial do Piriforme', null, false, null, '2026-01-01T00:00:00.000Z'),
  ('d4520399-5cc3-5796-8d9d-0987e78f483f', 8, 'Prancha', null, false, null, '2026-01-01T00:00:00.000Z'),
  ('55b4d887-ee9d-5fa3-aa24-d0343f1755c0', 6, 'Pinça com Anilhas', null, false, null, '2026-01-01T00:00:00.000Z'),
  ('67318ed6-9f2f-5189-b213-023133632fd4', 8, 'Giro com Peso', null, false, null, '2026-01-01T00:00:00.000Z'),
  ('f25b1096-0f87-5355-95e0-6d2ff29f4c4c', 9, 'Deslizamento de Isquiotibiais no Chão', null, false, null, '2026-01-01T00:00:00.000Z'),
  ('2bea5b87-abc3-549a-bf01-cb9041cbe0ab', 9, 'Agachamento Sumô com Halter', null, false, null, '2026-01-01T00:00:00.000Z'),
  ('83d206ec-9061-5b69-9d13-5dc807a14c06', 1, 'Flexões Plyométricas com Kettlebell', null, false, null, '2026-01-01T00:00:00.000Z'),
  ('953446f1-c7ef-54be-aa26-d48ca090d39d', 1, 'Flexão Plyométrica', null, false, null, '2026-01-01T00:00:00.000Z'),
  ('fa7dd108-bbda-54b0-a03c-2c74ebf566f1', 11, 'Alongamento do Tibial Posterior', null, false, null, '2026-01-01T00:00:00.000Z'),
  ('d3a67de3-b211-563b-995d-adbadc7b81a3', 9, 'Arranco (Power Clean)', null, false, null, '2026-01-01T00:00:00.000Z'),
  ('2dde5f30-76e7-5925-ad25-71bfeba21036', 9, 'Arranco a Partir de Blocos', null, false, null, '2026-01-01T00:00:00.000Z'),
  ('5dbe6d03-f8d2-5f97-8724-0909bca6b133', 9, 'Arremesso de Força (Power Jerk)', null, false, null, '2026-01-01T00:00:00.000Z'),
  ('8e28d9b9-146b-54e1-88eb-8323e1fa79ab', 3, 'Elevações Laterais Parciais', null, false, null, '2026-01-01T00:00:00.000Z'),
  ('291c905b-817b-5bf1-9b32-ef5af9e41d32', 9, 'Arranco de Força', null, false, null, '2026-01-01T00:00:00.000Z'),
  ('cb2e8ee2-03b8-5b1c-9301-95aae49e4a67', 9, 'Arranco de Força a Partir de Blocos', null, false, null, '2026-01-01T00:00:00.000Z'),
  ('ffcbe1c6-e608-5ab1-8516-7976e810d209', 9, 'Escada de Força', null, false, null, '2026-01-01T00:00:00.000Z'),
  ('8cfaa1f4-2999-5dc4-a047-2d3e392b7188', 4, 'Rosca Scott', null, false, null, '2026-01-01T00:00:00.000Z'),
  ('4e688b52-49de-56b3-9a49-795c2783d4f4', 8, 'Abdominal com Desenvolvimento', null, false, null, '2026-01-01T00:00:00.000Z'),
  ('f001b36c-204b-5152-8bd2-1ffd5367c44f', 9, 'Flexão de Joelho em Decúbito Ventral com Resistência Manual', null, false, null, '2026-01-01T00:00:00.000Z'),
  ('963ec281-c4b9-558c-ae2b-70c0894ae897', 9, 'Corrida com Prowler', null, false, null, '2026-01-01T00:00:00.000Z'),
  ('3b19c01d-ceff-5ce1-9faf-1336306b4b03', 10, 'Pull Through', null, false, null, '2026-01-01T00:00:00.000Z'),
  ('6aad03e6-2a24-5940-949b-d96d0185fbf6', 2, 'Barra Fixa', null, false, null, '2026-01-01T00:00:00.000Z'),
  ('95b2421e-bdb3-582d-a2ba-c5787d27129d', 1, 'Flexão com Apoio Ampla', null, false, null, '2026-01-01T00:00:00.000Z'),
  ('2b3d64f9-ecd1-5ea6-a00a-8589f1393da8', 5, 'Flexão com Apoio Fechada para Tríceps', null, false, null, '2026-01-01T00:00:00.000Z'),
  ('4d334978-d488-526e-8869-6c28dca9c594', 1, 'Flexão com Pés Elevados', null, false, null, '2026-01-01T00:00:00.000Z'),
  ('ee8e07e8-8b13-56dd-a655-7c7005cec287', 1, 'Flexão com Pés em Bola de Exercício', null, false, null, '2026-01-01T00:00:00.000Z'),
  ('46d89237-d686-5279-a153-2ed56429b507', 3, 'Push Press', null, false, null, '2026-01-01T00:00:00.000Z'),
  ('bf648e3d-4585-5962-b192-28c19e09bd41', 3, 'Push Press Atrás da Nuca', null, false, null, '2026-01-01T00:00:00.000Z'),
  ('179d3cf2-cb85-55c9-b761-184f5341550f', 1, 'Flexão para Prancha Lateral', null, false, null, '2026-01-01T00:00:00.000Z'),
  ('38eefdfb-c1b8-5fab-bdfb-b2628d8228ce', 1, 'Flexões', null, false, null, '2026-01-01T00:00:00.000Z'),
  ('fcc1f3e5-7a1e-55c1-8abe-fb07c17d4036', 1, 'Flexões (Posições de Mãos Fechada e Ampla)', null, false, null, '2026-01-01T00:00:00.000Z'),
  ('7df11d63-71de-5c57-89b6-9346e6dfa2e5', 2, 'Pirâmide', null, false, null, '2026-01-01T00:00:00.000Z'),
  ('84eb1b50-0f0c-53d9-8e8b-6547b62a196a', 9, 'Alongamento de Quadríceps', null, false, null, '2026-01-01T00:00:00.000Z'),
  ('c015e914-febc-52e3-b2d5-5f8f63c9cf49', 9, 'Liberação Miofascial do Quadríceps', null, false, null, '2026-01-01T00:00:00.000Z'),
  ('4a32b0a5-3584-5221-b2f5-855402d6f77d', 9, 'Salto Rápido', null, false, null, '2026-01-01T00:00:00.000Z'),
  ('a84a9296-8f62-5446-abfc-442f21cbe9b4', 3, 'Entrega no Suporte', null, false, null, '2026-01-01T00:00:00.000Z'),
  ('73d0df07-16d9-5be0-a4f1-b49956d79fb7', 2, 'Puxada no Suporte com Faixas', null, false, null, '2026-01-01T00:00:00.000Z'),
  ('4a7e1ed7-ef16-536e-861f-84790b7d519f', 2, 'Puxadas no Suporte', null, false, null, '2026-01-01T00:00:00.000Z'),
  ('26b1cb36-620b-54fd-8452-1319175408a1', 9, 'Elevação de Perna Traseira', null, false, null, '2026-01-01T00:00:00.000Z'),
  ('2fccdd15-bb0d-5ee4-978b-2fc93bbaa74e', 9, 'Bicicleta Recumbente', null, false, null, '2026-01-01T00:00:00.000Z'),
  ('bf748fe1-c6d2-53d8-a102-864cf173face', 3, 'Retorno de Arremesso da Posição', null, false, null, '2026-01-01T00:00:00.000Z'),
  ('5ba5a051-0cc7-5e8b-8ff3-4d0b30885fe5', 5, 'Supino com Faixas Invertidas', null, false, null, '2026-01-01T00:00:00.000Z'),
  ('ce54f17d-8e49-5af2-8b16-09973c47fb09', 9, 'Agachamento na Caixa com Banda Reversa', null, false, null, '2026-01-01T00:00:00.000Z'),
  ('f147992e-2e25-551b-b855-01113540d6d1', 2, 'Levantamento Terra com Banda Reversa', null, false, null, '2026-01-01T00:00:00.000Z'),
  ('6b5ca3ae-7778-5614-8b1f-eb84ae1ce8f3', 9, 'Agachamento de Potência com Banda Reversa', null, false, null, '2026-01-01T00:00:00.000Z'),
  ('42f707fa-2dd0-5c1a-af3e-3a8deb02ec08', 9, 'Levantamento Terra Sumô com Banda Reversa', null, false, null, '2026-01-01T00:00:00.000Z'),
  ('2a0599e2-aae6-5112-bf41-3b895f8aed76', 4, 'Rosca Inversa com Barra', null, false, null, '2026-01-01T00:00:00.000Z')
on conflict (id) do nothing;

insert into exercises (id, muscle_group_id, name, media_url, is_custom, owner_id, created_at) values
  ('e21dfadb-5b3e-5c7e-86f1-b5599938df2b', 4, 'Rosca Scott Inversa com Barra', null, false, null, '2026-01-01T00:00:00.000Z'),
  ('cd4a2a1d-e122-512c-9530-de5b8cfad282', 8, 'Abdominal Inverso', null, false, null, '2026-01-01T00:00:00.000Z'),
  ('53403250-17e7-5a64-8c95-ca3d22e20078', 3, 'Crucifixo Inverso', null, false, null, '2026-01-01T00:00:00.000Z'),
  ('7aa63e6e-7a7c-5cdf-b4db-f9516f0d25b8', 3, 'Crucifixo Inverso com Rotação Externa', null, false, null, '2026-01-01T00:00:00.000Z'),
  ('456a064e-c0a2-5db4-bf5e-4173da81a86d', 2, 'Remada Invertida com Barra', null, false, null, '2026-01-01T00:00:00.000Z'),
  ('8ef2daa7-9b04-5a70-a875-8cfc2636816d', 9, 'Hiperextensão Reversa', null, false, null, '2026-01-01T00:00:00.000Z'),
  ('eb223646-fa89-5b16-b727-3e8472f144cc', 4, 'Rosca Invertida com Anilha', null, false, null, '2026-01-01T00:00:00.000Z'),
  ('243cd651-4e9a-58b7-858f-93ecbf644899', 5, 'Supino Invertido para Tríceps', null, false, null, '2026-01-01T00:00:00.000Z'),
  ('b836ce11-8404-54b8-9c1c-e5c765aa97c2', 2, 'Liberação Miofascial para Romboides', null, false, null, '2026-01-01T00:00:00.000Z'),
  ('afa29795-27df-5fa0-9d3a-37f086ab9413', 6, 'Carregamento de Rickshaw', null, false, null, '2026-01-01T00:00:00.000Z'),
  ('37850b2d-dbf5-5821-af73-e7dd4e1fdb3d', 9, 'Levantamento Terra com Rickshaw', null, false, null, '2026-01-01T00:00:00.000Z'),
  ('5b21cdd7-862e-5279-9bbc-c7ff9378bc5a', 5, 'Mergulho nas Argolas', null, false, null, '2026-01-01T00:00:00.000Z'),
  ('6573023d-6891-5aed-bb62-4b7fa1024662', 9, 'Salto Foguete', null, false, null, '2026-01-01T00:00:00.000Z'),
  ('e1b2be01-e6d1-5961-b62e-efdaea023c71', 11, 'Elevação de Panturrilha em Pé com Balanço', null, false, null, '2026-01-01T00:00:00.000Z'),
  ('4c7e0372-3f4f-5254-886a-fe9cd7923c4a', 2, 'Barra Fixa/Pulldown Rocky', null, false, null, '2026-01-01T00:00:00.000Z'),
  ('124350e2-0937-5c65-8dbc-923fe8672e15', 9, 'Levantamento Terra Romeno', null, false, null, '2026-01-01T00:00:00.000Z'),
  ('05feb498-4ce3-51f6-ab5f-6a82784fd6aa', 9, 'Levantamento Terra Romeno com Déficit', null, false, null, '2026-01-01T00:00:00.000Z'),
  ('f9f514a3-ed12-5c0c-82b4-d6ae79a713b0', 2, 'Escalada de Corda', null, false, null, '2026-01-01T00:00:00.000Z'),
  ('031b6aab-2c53-5fd0-8620-09d14987e104', 8, 'Abdominal com Corda no Pulley', null, false, null, '2026-01-01T00:00:00.000Z'),
  ('d6b67edd-c66a-5da1-b04b-c8a2ece88f67', 9, 'Pular Corda', null, false, null, '2026-01-01T00:00:00.000Z'),
  ('6449dd9e-9c29-5ec4-b1b6-333641ced6b9', 2, 'Pulldown com Corda e Braços Estendidos', null, false, null, '2026-01-01T00:00:00.000Z'),
  ('53113be5-3c2d-58bc-8f2f-c0b581a76415', 3, 'Alongamento de Ombros Rotacional', null, false, null, '2026-01-01T00:00:00.000Z'),
  ('bbca5599-f072-5e0a-916a-217fefb32226', 9, 'Remo Ergométrico', null, false, null, '2026-01-01T00:00:00.000Z'),
  ('a7aba4fd-a55c-5e94-8aed-85d726e61b85', 9, 'Alongamento de Corredor', null, false, null, '2026-01-01T00:00:00.000Z'),
  ('d1b2d73a-36fe-55df-87e0-5e708e097274', 9, 'Corrida na Esteira', null, false, null, '2026-01-01T00:00:00.000Z'),
  ('41407822-3996-50a4-b8fa-7cc32bdf885f', 8, 'Twist Russo', null, false, null, '2026-01-01T00:00:00.000Z'),
  ('c820d685-5c22-508e-8bbc-ab0bde299913', 9, 'Carregamento de Saco de Areia', null, false, null, '2026-01-01T00:00:00.000Z'),
  ('4daf5f81-1866-5213-b670-71a9eb2ee677', 7, 'Puxada Escapular', null, false, null, '2026-01-01T00:00:00.000Z'),
  ('d6bb2456-6135-5bae-aefa-e2be93c9969c', 8, 'Chute Tesoura', null, false, null, '2026-01-01T00:00:00.000Z'),
  ('700a5cef-ec9b-5657-aa05-eb6f43ef605a', 9, 'Salto Tesoura', null, false, null, '2026-01-01T00:00:00.000Z'),
  ('011442db-d631-547c-8220-cb7ed424fb95', 9, 'Flexão de Pernas Sentado com Banda', null, false, null, '2026-01-01T00:00:00.000Z'),
  ('136d2713-6c69-5744-8920-ac51fd4681ae', 3, 'Desenvolvimento Militar Sentado com Barra', null, false, null, '2026-01-01T00:00:00.000Z'),
  ('5dd9f962-d558-53df-8569-3bf08e8b5554', 8, 'Torção com Barra Sentado', null, false, null, '2026-01-01T00:00:00.000Z'),
  ('9aebe391-f611-52de-84cd-629e74920fad', 5, 'Extensão de Tríceps com Halter Sentado e Inclinado Unilateral', null, false, null, '2026-01-01T00:00:00.000Z'),
  ('1e770c35-cd98-548d-8ddb-56669716b3fa', 3, 'Elevação Posterior para Deltóides Sentado e Inclinado', null, false, null, '2026-01-01T00:00:00.000Z'),
  ('3834b390-2b9f-5b47-a5a8-285a923e2eb3', 5, 'Extensão de Tríceps com Halteres Sentado e Inclinado Bilateral', null, false, null, '2026-01-01T00:00:00.000Z'),
  ('06d7109d-0a68-576d-8f53-fff562492938', 4, 'Alongamento de Bíceps Sentado', null, false, null, '2026-01-01T00:00:00.000Z'),
  ('87e696dc-7c53-5e57-b9fd-51a253f8799b', 3, 'Desenvolvimento de Ombros no Pulley Sentado', null, false, null, '2026-01-01T00:00:00.000Z'),
  ('dc0d8f37-f046-5e60-b2f5-af88faee0531', 11, 'Elevação de Panturrilha Sentada', null, false, null, '2026-01-01T00:00:00.000Z'),
  ('f8a9350c-6f52-5957-95b9-48fdb1e0ccc2', 11, 'Alongamento de Panturrilha Sentado', null, false, null, '2026-01-01T00:00:00.000Z'),
  ('d00c11d4-804f-5f5d-a877-b0ec3123895f', 4, 'Rosca Concentrada com Barra em Pegada Fechada Sentado', null, false, null, '2026-01-01T00:00:00.000Z'),
  ('bded0c2b-51bf-559c-9e94-6010691829c7', 4, 'Rosca Scott com Halter Sentado', null, false, null, '2026-01-01T00:00:00.000Z'),
  ('fc1e16bd-2a2e-5fe0-a0fc-0f50a4151e04', 4, 'Rosca Martelo com Halter Sentado', null, false, null, '2026-01-01T00:00:00.000Z'),
  ('131ecaf8-49f7-5506-8396-915501981beb', 6, 'Flexão de Punho com Halter Sentado (Palmas para Baixo)', null, false, null, '2026-01-01T00:00:00.000Z'),
  ('f2140555-7bb3-5563-a0a4-e2c23b3f0be3', 6, 'Flexão de Punho com Halter Sentado (Palmas para Cima)', null, false, null, '2026-01-01T00:00:00.000Z'),
  ('bdab1078-bc94-5699-a358-d72ce803e2df', 3, 'Desenvolvimento com Halter Sentado', null, false, null, '2026-01-01T00:00:00.000Z'),
  ('313c465a-f828-5480-931b-2ecf15e7b3fb', 8, 'Abdominal no Banco Sentado', null, false, null, '2026-01-01T00:00:00.000Z'),
  ('c03a1ef7-3a00-5324-9cdb-d45855d27a9e', 9, 'Alongamento de Isquiotibiais Sentado no Chão', null, false, null, '2026-01-01T00:00:00.000Z'),
  ('5d328929-3881-532c-8e43-5732301eb364', 3, 'Alongamento de Deltóide Anterior Sentado', null, false, null, '2026-01-01T00:00:00.000Z'),
  ('14c93dda-ab03-5fcc-aea3-bc5f090d6de1', 10, 'Alongamento de Glúteo Sentado', null, false, null, '2026-01-01T00:00:00.000Z'),
  ('556a8749-96dd-5e66-8852-9ca30d804fbb', 2, 'Bom Dia Sentado', null, false, null, '2026-01-01T00:00:00.000Z'),
  ('a7ce59ab-f6a3-53c2-9692-50c4057a394b', 9, 'Alongamento de Isquiotibiais Sentado', null, false, null, '2026-01-01T00:00:00.000Z'),
  ('90e4c133-75c0-500f-9cad-9f63a1c7d23a', 9, 'Alongamento de Isquiotibiais e Panturrilha Sentado', null, false, null, '2026-01-01T00:00:00.000Z'),
  ('8e3b0ef4-95c3-5532-8ddb-b371a30c60b5', 7, 'Resistência de Pescoço com Cinta Sentado', null, false, null, '2026-01-01T00:00:00.000Z'),
  ('1d24e40a-2ca8-5b38-b3d7-3aee7de667bb', 8, 'Abdominal Sentado com Flexão de Joelhos', null, false, null, '2026-01-01T00:00:00.000Z'),
  ('92bf6662-48d6-5925-aff7-860a7e6506d7', 6, 'Flexão de Punho com Halter Sentado, Palma para Baixo', null, false, null, '2026-01-01T00:00:00.000Z'),
  ('88fd36cf-1786-54cb-a4f6-a598d8c03760', 6, 'Flexão de Punho com Halter Sentado, Palma para Cima', null, false, null, '2026-01-01T00:00:00.000Z'),
  ('3b6cc64a-fd85-54b5-a63a-e4e721233684', 2, 'Remada Unilateral no Pulley Sentado', null, false, null, '2026-01-01T00:00:00.000Z'),
  ('6972e64b-6ce9-513b-91fb-b875046abcbb', 8, 'Alongamento Sentado com Braço sobre a Cabeça', null, false, null, '2026-01-01T00:00:00.000Z'),
  ('9fcf7365-ed28-5808-8932-d95a7af05ae8', 6, 'Flexão de Punho com Barra Sentado, Palma para Cima', null, false, null, '2026-01-01T00:00:00.000Z'),
  ('d76b52c1-a310-5212-ab39-6860134e8cab', 6, 'Rosca de Punho com Barra Sentado e Palmas para Baixo', null, false, null, '2026-01-01T00:00:00.000Z'),
  ('edca0c4d-6e3b-5585-a447-1bcac0dbd83f', 3, 'Elevação Lateral Sentado', null, false, null, '2026-01-01T00:00:00.000Z'),
  ('b45485db-4edb-5ee6-a9b7-0f3e470bcf41', 5, 'Tríceps Francês Sentado', null, false, null, '2026-01-01T00:00:00.000Z'),
  ('61f50b75-129c-5904-86bb-6772b86c918e', 6, 'Rosca de Punho com Polia Baixa Sentado e Duas Mãos com Palmas para Cima', null, false, null, '2026-01-01T00:00:00.000Z'),
  ('3fb1a08d-6c44-5033-9d59-bea6ccd3fb06', 3, 'Press Alternado em Gangorra', null, false, null, '2026-01-01T00:00:00.000Z'),
  ('a9b47057-97af-50e3-b02b-f11a73a7db1d', 2, 'Remada Shotgun', null, false, null, '2026-01-01T00:00:00.000Z'),
  ('a9867fd8-6cc5-547e-934f-667be7226bd0', 3, 'Círculos com os Ombros', null, false, null, '2026-01-01T00:00:00.000Z'),
  ('c6022cc0-0e97-53d7-89e5-be8c8af66eaf', 3, 'Press de Ombros com Faixas Elásticas', null, false, null, '2026-01-01T00:00:00.000Z'),
  ('8a405543-e961-513d-bb89-5815ad4c72c3', 3, 'Elevação de Ombros', null, false, null, '2026-01-01T00:00:00.000Z'),
  ('2f7418fa-79ff-5a76-9acb-e9c5cc16f826', 3, 'Alongamento de Ombros', null, false, null, '2026-01-01T00:00:00.000Z'),
  ('ad398765-eb63-5229-a11a-3bbceb657b80', 2, 'Alongamento Lateral no Chão', null, false, null, '2026-01-01T00:00:00.000Z'),
  ('a939861c-c645-5356-9880-629cdaa48de9', 8, 'Prancha Lateral', null, false, null, '2026-01-01T00:00:00.000Z'),
  ('a99ef70f-546f-5354-95d4-33c1938c32eb', 9, 'Salto Lateral com Sprint', null, false, null, '2026-01-01T00:00:00.000Z'),
  ('d1510232-acea-5b9b-b780-d7c698daefe3', 8, 'Abdominal Lateral (Jackknife)', null, false, null, '2026-01-01T00:00:00.000Z'),
  ('15e7f689-1f4b-5ce0-acca-8c2ae293cc16', 3, 'Elevação Lateral para Frontal', null, false, null, '2026-01-01T00:00:00.000Z'),
  ('7295f44d-9984-5ed6-9bd9-a66e37e9460c', 9, 'Elevação Lateral de Perna', null, false, null, '2026-01-01T00:00:00.000Z'),
  ('b6e4a7cf-0421-5080-8ddf-cc70264ab868', 9, 'Alongamento de Virilha em Decúbito Lateral', null, false, null, '2026-01-01T00:00:00.000Z'),
  ('37a22b69-de5b-50c3-b1f7-268f979445e5', 7, 'Alongamento Lateral do Pescoço', null, false, null, '2026-01-01T00:00:00.000Z'),
  ('17001cfe-1b05-5777-8092-92d43ba53db0', 9, 'Salto em Distância Lateral', null, false, null, '2026-01-01T00:00:00.000Z'),
  ('bc96780e-1f72-5789-a4d3-f33578d58d79', 2, 'Barra Fixa Lateral', null, false, null, '2026-01-01T00:00:00.000Z'),
  ('195751ef-925d-5486-a866-3ebe4a14c23d', 3, 'Puxada Lateral de Pulso', null, false, null, '2026-01-01T00:00:00.000Z'),
  ('500e9574-5821-52a9-8ae8-c876468f2c98', 9, 'Shuffle Lateral na Caixa', null, false, null, '2026-01-01T00:00:00.000Z'),
  ('ab96c066-fd62-524c-830a-c1c9ae25571d', 1, 'Crossover com Cabo Unilateral', null, false, null, '2026-01-01T00:00:00.000Z'),
  ('017232f3-3444-5f5f-ad3b-5b582b984c3d', 3, 'Levantamento com Barra em Landmine Unilateral', null, false, null, '2026-01-01T00:00:00.000Z'),
  ('96929a7a-5c42-56ff-b9d6-6e066a75a890', 1, 'Flexão Unilateral', null, false, null, '2026-01-01T00:00:00.000Z'),
  ('60db0a02-9b01-5c5a-984d-7223c73a2b39', 9, 'Drill de Sprint com Cone Único', null, false, null, '2026-01-01T00:00:00.000Z'),
  ('730c6b38-4c4a-5d0b-9323-af1b9d33382d', 9, 'Agachamento em Caixa Alta Unilateral', null, false, null, '2026-01-01T00:00:00.000Z'),
  ('d683a4c6-c467-5ac5-8b33-da13d67f5861', 9, 'Progressão de Salto Unilateral', null, false, null, '2026-01-01T00:00:00.000Z'),
  ('2a7a3fbb-838e-5d51-b9d7-1f83b7f2e646', 9, 'Salto Lateral Unilateral', null, false, null, '2026-01-01T00:00:00.000Z'),
  ('185cfc5c-323a-507d-916c-5a13fc6c00da', 9, 'Extensão de Pernas Unilateral', null, false, null, '2026-01-01T00:00:00.000Z'),
  ('751ed03e-8e51-57bf-a22b-9393317abc9a', 9, 'Salto com Passada Unilateral', null, false, null, '2026-01-01T00:00:00.000Z'),
  ('a9c92d6d-6cb7-5fd1-830c-022f37c3d472', 3, 'Elevação com Halter Único', null, false, null, '2026-01-01T00:00:00.000Z'),
  ('b7c40404-f56a-533c-b3b7-911340bf4aca', 9, 'Chute no Glúteo Unilateral', null, false, null, '2026-01-01T00:00:00.000Z'),
  ('8a97115c-c4a1-5306-b80b-4768638936bf', 10, 'Ponte de Glúteo Unilateral', null, false, null, '2026-01-01T00:00:00.000Z'),
  ('7ba56ef2-89d6-5db8-8d2a-31ab30cde2b4', 9, 'Impulso Unilateral', null, false, null, '2026-01-01T00:00:00.000Z'),
  ('330d1abf-1aac-5ed3-9845-747ecb0548a9', 8, 'Abdominal', null, false, null, '2026-01-01T00:00:00.000Z'),
  ('033ecd70-ae52-5704-93b6-0efe94bfc333', 9, 'Agachamentos Parciais', null, false, null, '2026-01-01T00:00:00.000Z'),
  ('4bf2d38a-8964-5a4a-8543-12c506e9ecfd', 9, 'Patinação', null, false, null, '2026-01-01T00:00:00.000Z'),
  ('0c4bc49d-ce21-5dc5-8c80-4341638daa33', 9, 'Arrasto de Trenó com Arnês', null, false, null, '2026-01-01T00:00:00.000Z'),
  ('8f4b8a14-88ad-5a44-9188-baa4c4c601c9', 3, 'Caminhada para Trás com Halter por Cima', null, false, null, '2026-01-01T00:00:00.000Z'),
  ('cedb1c47-efac-5a50-95da-b62278641666', 5, 'Extensão de Tríceps por Cima com Trenó', null, false, null, '2026-01-01T00:00:00.000Z'),
  ('95990477-5d40-568b-a7c7-ca0ca0af9896', 9, 'Empurrão de Trenó', null, false, null, '2026-01-01T00:00:00.000Z'),
  ('808053c6-54bc-58e2-988a-f1130e91820f', 3, 'Crucifixo Invertido com Trenó', null, false, null, '2026-01-01T00:00:00.000Z'),
  ('f662565f-1c45-5a28-a6da-638dcd8b020f', 2, 'Remada com Trenó', null, false, null, '2026-01-01T00:00:00.000Z'),
  ('7bb2771e-d196-5862-b78b-1cbc34936806', 8, 'Golpes de Marreta', null, false, null, '2026-01-01T00:00:00.000Z'),
  ('70d8c3cc-bcaa-5989-850c-f10626169ceb', 3, 'Elevação de Ombros no Smith em Banco Inclinado', null, false, null, '2026-01-01T00:00:00.000Z'),
  ('b68ecb52-b1d5-514b-8a50-e152d2d2c369', 7, 'Encolhimento de Ombros Atrás das Costas no Smith', null, false, null, '2026-01-01T00:00:00.000Z'),
  ('ad7d8e9a-eadb-550f-9453-d07557539a1f', 1, 'Supino no Smith Machine', null, false, null, '2026-01-01T00:00:00.000Z'),
  ('df5a1348-36e7-5a66-8530-d13c43641b3a', 2, 'Remada Curvada no Smith Machine', null, false, null, '2026-01-01T00:00:00.000Z'),
  ('f0e4ad78-6546-5d22-a84e-b1f38d3d549b', 11, 'Elevação de Panturrilha no Smith Machine', null, false, null, '2026-01-01T00:00:00.000Z'),
  ('3e3b5ae3-d969-5b07-83dd-96069405bf15', 5, 'Supino Fechado no Smith Machine', null, false, null, '2026-01-01T00:00:00.000Z'),
  ('df42a38d-0745-567d-94db-8b5424b6e465', 1, 'Supino Declinado no Smith Machine', null, false, null, '2026-01-01T00:00:00.000Z'),
  ('59033a84-0c72-5eb1-bd4c-fd4a33423455', 9, 'Power Clean a Partir do Joelho no Smith Machine', null, false, null, '2026-01-01T00:00:00.000Z'),
  ('3cdcb3d2-4445-5a32-8f3f-714199ea4d81', 8, 'Elevação de Quadril no Smith Machine', null, false, null, '2026-01-01T00:00:00.000Z'),
  ('18dce818-4feb-5a25-8990-23a9fbf24e96', 1, 'Supino Inclinado no Smith Machine', null, false, null, '2026-01-01T00:00:00.000Z'),
  ('2520b419-2722-57dd-ae23-31252da5347c', 9, 'Leg Press no Smith Machine', null, false, null, '2026-01-01T00:00:00.000Z'),
  ('3f137fc9-1c10-5da8-b99c-689d74309391', 3, 'Remada Alta Unilateral no Smith Machine', null, false, null, '2026-01-01T00:00:00.000Z'),
  ('8e55c622-be96-5d18-ae56-4e1a79e63e89', 3, 'Desenvolvimento Militar no Smith Machine', null, false, null, '2026-01-01T00:00:00.000Z'),
  ('c59b09e1-9d14-57cc-9f26-5063adf0e4fc', 9, 'Agachamento Pistol no Smith Machine', null, false, null, '2026-01-01T00:00:00.000Z'),
  ('fa0ab2b0-a594-553d-a486-a83c572c5129', 11, 'Elevação de Panturrilha Invertida no Smith', null, false, null, '2026-01-01T00:00:00.000Z'),
  ('ac6a7b84-1610-5e51-8a23-724cf4ba6f86', 9, 'Agachamento no Smith', null, false, null, '2026-01-01T00:00:00.000Z'),
  ('29661979-f26a-5338-9652-8cea20f93b3f', 9, 'Stiff-Legged Deadlift no Smith', null, false, null, '2026-01-01T00:00:00.000Z'),
  ('23df39dd-164c-5b78-8d30-8413f087ffa4', 7, 'Remada Alta no Smith', null, false, null, '2026-01-01T00:00:00.000Z'),
  ('11c776a0-e1ae-5ea0-877f-4d52e21577af', 9, 'Agachamento Búlgaro no Smith', null, false, null, '2026-01-01T00:00:00.000Z'),
  ('f29ed28b-0a58-5880-8475-bc31e3eee8df', 9, 'Arranco (Snatch)', null, false, null, '2026-01-01T00:00:00.000Z'),
  ('fae13329-5a2e-524d-ac94-09fbb51cc4fd', 9, 'Snatch Balance', null, false, null, '2026-01-01T00:00:00.000Z'),
  ('f0ba67d1-a970-53be-873a-8004ba623c5d', 9, 'Deadlift de Arranco', null, false, null, '2026-01-01T00:00:00.000Z'),
  ('f150cfa4-dba5-5c24-896d-fdaf26e4573a', 9, 'Puxada de Arranco', null, false, null, '2026-01-01T00:00:00.000Z'),
  ('1ed78ae2-49e3-59bf-b38b-d14d6fa7136d', 7, 'Encolhimento de Arranco', null, false, null, '2026-01-01T00:00:00.000Z'),
  ('8ca71294-be1e-5f61-a089-d287dd6dceae', 9, 'Arranco a Partir de Blocos', null, false, null, '2026-01-01T00:00:00.000Z'),
  ('76e0dd94-db8e-5d8e-83dd-e510180af2bf', 5, 'Tríceps Overhead com Banda de Velocidade', null, false, null, '2026-01-01T00:00:00.000Z'),
  ('d1260bfd-62c1-5e9e-86a0-3872df486671', 9, 'Agachamento em Caixa de Velocidade', null, false, null, '2026-01-01T00:00:00.000Z'),
  ('a1a8ebb0-25a2-5a67-a60e-872dc30722c8', 9, 'Agachamentos de Velocidade', null, false, null, '2026-01-01T00:00:00.000Z'),
  ('e6e7de05-cf80-526b-b829-c6137d9b1dc5', 8, 'Lançador de Feitiço', null, false, null, '2026-01-01T00:00:00.000Z'),
  ('51c11801-a987-51ef-a3ef-b4a28277fa96', 8, 'Rastejamento de Aranha', null, false, null, '2026-01-01T00:00:00.000Z'),
  ('b19bf10c-6eeb-50ef-bdd6-7672c32177d8', 4, 'Rosca Spider', null, false, null, '2026-01-01T00:00:00.000Z'),
  ('a340098c-09d0-5c59-8a72-86e710813bee', 2, 'Alongamento da Coluna', null, false, null, '2026-01-01T00:00:00.000Z'),
  ('1fe0a9f3-e23c-54c8-b54f-26e3547ba1a5', 9, 'Arremesso com Divisão de Pernas', null, false, null, '2026-01-01T00:00:00.000Z'),
  ('9ada6e3d-95a2-5a82-9fed-781e980c4fb1', 9, 'Arremesso com Divisão', null, false, null, '2026-01-01T00:00:00.000Z'),
  ('4c500759-0ba8-505b-8ec2-f45d629ab94c', 9, 'Salto em Afundo', null, false, null, '2026-01-01T00:00:00.000Z'),
  ('cf8f75e1-fb41-5a2d-aa74-910aaad36ecb', 9, 'Arranco em Afundo', null, false, null, '2026-01-01T00:00:00.000Z'),
  ('6b9671ad-75de-597a-a201-c64d17547d27', 9, 'Afundo com Halteres', null, false, null, '2026-01-01T00:00:00.000Z'),
  ('1fc77e22-61db-53fb-a3dd-0a45aea6b86b', 9, 'Afundos com Salto', null, false, null, '2026-01-01T00:00:00.000Z'),
  ('dde4f87c-e6e5-5aea-847a-560d8ff91206', 9, 'Arremesso em Agachamento', null, false, null, '2026-01-01T00:00:00.000Z'),
  ('33d44ba3-e33b-54b6-a6de-d4901bd2db0a', 9, 'Agachamento com Elásticos', null, false, null, '2026-01-01T00:00:00.000Z'),
  ('307fb194-9b8b-52bb-9898-79953b7c6d97', 9, 'Agachamento com Correntes', null, false, null, '2026-01-01T00:00:00.000Z'),
  ('fc85e1ce-42aa-57fb-93eb-52eaa785c25f', 9, 'Agachamento com Deslocamento de Anilhas', null, false, null, '2026-01-01T00:00:00.000Z'),
  ('bf3859ae-49af-55ee-a8f4-2b035692c351', 9, 'Agachamentos com Elásticos', null, false, null, '2026-01-01T00:00:00.000Z'),
  ('d37cf8f1-ba63-5cdd-a3ed-a3da82c914af', 9, 'Escada Ergométrica', null, false, null, '2026-01-01T00:00:00.000Z'),
  ('ad35d87e-01ed-516d-904c-10bf8eb47e15', 3, 'Desenvolvimento Alternado com Halteres em Pé', null, false, null, '2026-01-01T00:00:00.000Z'),
  ('4552e425-0a97-52e1-81a4-52dc503865ee', 11, 'Elevação de Panturrilha com Barra em Pé', null, false, null, '2026-01-01T00:00:00.000Z'),
  ('44191297-de33-577b-adf9-874644924fca', 3, 'Desenvolvimento com Barra Atrás do Pescoço em Pé', null, false, null, '2026-01-01T00:00:00.000Z'),
  ('932e23d1-e48b-5181-8057-fe47a6427305', 5, 'Extensão de Tríceps com Halter em Pé, Inclinado e Unilateral', null, false, null, '2026-01-01T00:00:00.000Z'),
  ('f6ff3c1b-edc4-5809-8b7e-f6e2b67d898a', 5, 'Extensão de Tríceps com Halteres em Pé, Inclinado e Bilateral', null, false, null, '2026-01-01T00:00:00.000Z'),
  ('e42bcf47-a442-5162-9b5f-6cc9bcb47f29', 4, 'Alongamento de Bíceps em Pé', null, false, null, '2026-01-01T00:00:00.000Z'),
  ('3d8fd19c-2165-566c-b573-03c506e37a0b', 3, 'Press Bradford em Pé', null, false, null, '2026-01-01T00:00:00.000Z'),
  ('962a8738-f682-53d5-bea3-b82ed577331d', 1, 'Press de Peito com Cabos em Pé', null, false, null, '2026-01-01T00:00:00.000Z'),
  ('4d314a47-6411-5270-9627-ea60379f77f7', 8, 'Elevação com Cabo em Pé', null, false, null, '2026-01-01T00:00:00.000Z'),
  ('9878b9fe-1c41-5fb0-8401-0a624ed405f5', 8, 'Rotação com Cabo em Pé', null, false, null, '2026-01-01T00:00:00.000Z'),
  ('9b555709-437f-57f4-9f2c-9ba41252ebde', 4, 'Rosca Concentrada em Pé', null, false, null, '2026-01-01T00:00:00.000Z'),
  ('1eb6876a-b213-5ff8-a4c2-fed945e7737d', 11, 'Elevação de Panturrilha com Halteres em Pé', null, false, null, '2026-01-01T00:00:00.000Z'),
  ('f5a09a02-a4a0-5ce0-bf8d-35aba55ba6ae', 3, 'Desenvolvimento com Halteres em Pé', null, false, null, '2026-01-01T00:00:00.000Z'),
  ('30920ac4-156c-5995-aa93-b28112372339', 4, 'Rosca Inversa com Halteres em Pé', null, false, null, '2026-01-01T00:00:00.000Z'),
  ('0dc3c370-573c-5101-9ae8-6998c32afe00', 3, 'Elevação Frontal com Halteres em Pé', null, false, null, '2026-01-01T00:00:00.000Z'),
  ('d8b3c571-da59-5758-b6e7-d0dd6a91df80', 7, 'Remada Alta com Halteres em Pé', null, false, null, '2026-01-01T00:00:00.000Z'),
  ('25020ed1-065a-5818-a37b-c54f6389fbce', 9, 'Alongamento de Quadríceps Elevado em Pé', null, false, null, '2026-01-01T00:00:00.000Z'),
  ('66b167fa-76a8-5861-9b84-10978b68cef5', 3, 'Elevação Frontal com Barra em Pé', null, false, null, '2026-01-01T00:00:00.000Z'),
  ('9b8cdfb2-d4e2-5495-93df-3611a02728bd', 11, 'Alongamento de Panturrilha Gastrocnêmio em Pé', null, false, null, '2026-01-01T00:00:00.000Z'),
  ('017ee0b0-ef19-5b20-b7be-f39a161f4611', 9, 'Alongamento de Posterior de Coxa e Panturrilha em Pé', null, false, null, '2026-01-01T00:00:00.000Z'),
  ('1485444d-568f-5b18-a102-4999511adbb4', 9, 'Círculos de Quadril em Pé', null, false, null, '2026-01-01T00:00:00.000Z'),
  ('32b3b0e4-4498-5e85-93bc-58bd0b143666', 9, 'Alongamento de Flexores do Quadril em Pé', null, false, null, '2026-01-01T00:00:00.000Z'),
  ('335f19d1-64e1-5eaf-97a4-194890a35697', 4, 'Rosca Martelo em Pé', null, false, null, '2026-01-01T00:00:00.000Z'),
  ('116ac950-edd2-577e-87dc-5558a2bcf13b', 8, 'Alongamento Lateral em Pé', null, false, null, '2026-01-01T00:00:00.000Z'),
  ('d7670e83-7223-5c9f-97f1-b43fa68e5a65', 9, 'Flexão de Pernas em Pé', null, false, null, '2026-01-01T00:00:00.000Z'),
  ('f923eafb-db3c-5b3e-921b-442963832388', 9, 'Salto em Distância em Pé', null, false, null, '2026-01-01T00:00:00.000Z'),
  ('60f32fd4-dac8-53b7-9c38-ce9e50395fee', 3, 'Elevação Lateral com Polia Baixa em Pé', null, false, null, '2026-01-01T00:00:00.000Z'),
  ('e7e64c53-c9bd-570b-8e9c-1482276feb76', 5, 'Tríceps Pulley Baixo Unilateral em Pé', null, false, null, '2026-01-01T00:00:00.000Z'),
  ('8e0be94b-83d7-5926-98c5-4cf66705c0ee', 3, 'Desenvolvimento Militar em Pé', null, false, null, '2026-01-01T00:00:00.000Z'),
  ('09d5d7c0-f259-566c-bffe-23b88a4e53ea', 6, 'Aperto de Mão com Anilha Olímpica em Pé', null, false, null, '2026-01-01T00:00:00.000Z'),
  ('26d7394f-835e-5aee-8497-3f1e44420dad', 4, 'Rosca com Cabo Unilateral em Pé', null, false, null, '2026-01-01T00:00:00.000Z'),
  ('fa4a85d6-092c-5a16-8421-da8edf033ef3', 4, 'Rosca Scott com Halter Unilateral em Pé', null, false, null, '2026-01-01T00:00:00.000Z'),
  ('a48a3282-3415-5bbf-bfe9-9d66718c1ad8', 5, 'Tríceps Francês com Halter Unilateral em Pé', null, false, null, '2026-01-01T00:00:00.000Z'),
  ('46971b12-2b27-51c2-ac7c-6d2e367eb2e6', 5, 'Tríceps Francês com Barra em Pé', null, false, null, '2026-01-01T00:00:00.000Z'),
  ('300e8e90-ead3-59d3-8224-3c75549405a3', 3, 'Desenvolvimento com Halter Unilateral e Pegada Neutra em Pé', null, false, null, '2026-01-01T00:00:00.000Z'),
  ('0f2ee924-a1d3-595d-8f4c-6f9167b26f9b', 3, 'Desenvolvimento com Halteres e Pegada Neutra em Pé', null, false, null, '2026-01-01T00:00:00.000Z'),
  ('d9b309c7-e515-5f92-af0a-e230b65e92b0', 6, 'Flexão de Punho com Barra Atrás das Costas em Pé', null, false, null, '2026-01-01T00:00:00.000Z'),
  ('1c1c472a-db8c-5a5b-b8af-3e8ae6024061', 2, 'Inclinação Pélvica em Pé', null, false, null, '2026-01-01T00:00:00.000Z'),
  ('515a7a25-5b86-5fe9-849b-64b30fad929c', 8, 'Crunch com Corda em Pé', null, false, null, '2026-01-01T00:00:00.000Z'),
  ('9fa57255-47ef-528d-a1e0-3a25b0853329', 11, 'Alongamento de Sóleo e Aquiles em Pé', null, false, null, '2026-01-01T00:00:00.000Z'),
  ('c8ef6042-94af-5c86-b7d1-ca66a0e7505f', 9, 'Toque nos Pés em Pé', null, false, null, '2026-01-01T00:00:00.000Z'),
  ('1dfd725b-1cf8-5409-bd0b-bfda905bdf7c', 5, 'Extensão de Tríceps com Toalha em Pé', null, false, null, '2026-01-01T00:00:00.000Z'),
  ('2bcc4f14-3a47-5b29-a0f2-433b2b89fa84', 3, 'Arremesso de Medicine Ball com Duas Mãos Acima da Cabeça em Pé', null, false, null, '2026-01-01T00:00:00.000Z'),
  ('a3d05652-f35d-53b3-b521-5dd6bef13d32', 9, 'Pulo Estrela', null, false, null, '2026-01-01T00:00:00.000Z'),
  ('b3faa3da-241e-5270-94e2-ee7e7f4df637', 10, 'Subida no Step com Elevação de Joelho', null, false, null, '2026-01-01T00:00:00.000Z'),
  ('48fb6f00-7c24-5871-bc23-837e6243567d', 9, 'Step Mill', null, false, null, '2026-01-01T00:00:00.000Z'),
  ('24971d92-33c8-537e-b16d-974fc04dc57b', 9, 'Levantamento Terra com Pernas Rígidas', null, false, null, '2026-01-01T00:00:00.000Z'),
  ('a07f12af-b5b3-5b50-b1ce-4498fe3bed45', 9, 'Levantamento Terra com Halteres Pernas Estendidas', null, false, null, '2026-01-01T00:00:00.000Z'),
  ('cbed7adc-1448-552d-908e-3f8d8f5db0bf', 2, 'Bom Dia com Barra Pernas Estendidas', null, false, null, '2026-01-01T00:00:00.000Z'),
  ('baa5797d-3448-5b34-9ea0-22ce3e9ebada', 8, 'Vacuo Abdominal', null, false, null, '2026-01-01T00:00:00.000Z'),
  ('c086e7d3-082a-5125-bf5c-249298767294', 1, 'Pullover com Halteres Braços Retos', null, false, null, '2026-01-01T00:00:00.000Z')
on conflict (id) do nothing;

insert into exercises (id, muscle_group_id, name, media_url, is_custom, owner_id, created_at) values
  ('8b7e9b2b-03cd-5463-84c4-8e690e493d07', 2, 'Pulldown com Braços Retos', null, false, null, '2026-01-01T00:00:00.000Z'),
  ('4da41042-7c1a-5967-9f11-68a5765bce44', 2, 'Remada Curvada com Barra no Banco', null, false, null, '2026-01-01T00:00:00.000Z'),
  ('0744468c-8dac-5427-89bc-8fc50da299ef', 3, 'Elevações Frontais no Banco Inclinado', null, false, null, '2026-01-01T00:00:00.000Z'),
  ('5f78b6ae-928f-50a9-a0d7-d223ec2fa920', 9, 'Salto com Crossover em Caixa', null, false, null, '2026-01-01T00:00:00.000Z'),
  ('fa3c37ca-06e5-580b-a879-8eec5f369788', 9, 'Levantamento Terra Sumô', null, false, null, '2026-01-01T00:00:00.000Z'),
  ('a116a3ec-b59b-52e7-ab1f-9f869cc3fe2e', 9, 'Levantamento Terra Sumô com Elásticos', null, false, null, '2026-01-01T00:00:00.000Z'),
  ('bbf8b644-7bd6-57d5-957c-96f681ea27b5', 9, 'Levantamento Terra Sumô com Correntes', null, false, null, '2026-01-01T00:00:00.000Z'),
  ('08cb6bc8-1de5-5785-996c-f86f00d29107', 2, 'Super-Homem', null, false, null, '2026-01-01T00:00:00.000Z'),
  ('4640a997-19de-5c5b-8544-24f078397845', 5, 'Arremesso de Peito Supino', null, false, null, '2026-01-01T00:00:00.000Z'),
  ('d04e903b-4c18-5dc2-95bb-23d8eb4882a1', 8, 'Arremesso Supino com Um Braço Acima da Cabeça', null, false, null, '2026-01-01T00:00:00.000Z'),
  ('469d1df1-59f0-5861-8362-07aab3332ca4', 8, 'Arremesso Supino com Dois Braços Acima da Cabeça', null, false, null, '2026-01-01T00:00:00.000Z'),
  ('ca8f6a99-0a7f-5196-94cb-1b8afaff3215', 8, 'Fallout Suspenso', null, false, null, '2026-01-01T00:00:00.000Z'),
  ('26f24624-a1c4-5940-94f8-db752fd6051d', 1, 'Flexão Suspensa', null, false, null, '2026-01-01T00:00:00.000Z'),
  ('4f806756-7da2-5c5d-81aa-8b9435c64e63', 8, 'Abdominal Invertido Suspenso', null, false, null, '2026-01-01T00:00:00.000Z'),
  ('e6262065-bb75-5c0b-b759-86df32c95f8d', 2, 'Remada Suspensa', null, false, null, '2026-01-01T00:00:00.000Z'),
  ('99338f26-43c8-5f29-bc3a-ade161ebd5c4', 9, 'Agachamento Búlgaro Suspenso', null, false, null, '2026-01-01T00:00:00.000Z'),
  ('5f3e3236-0e15-5333-b1ae-a1b275f9a201', 1, 'Press de Svend', null, false, null, '2026-01-01T00:00:00.000Z'),
  ('7fd5c36c-08d1-5b63-b1ec-4f501b18a340', 2, 'Remada em T com Pegador', null, false, null, '2026-01-01T00:00:00.000Z'),
  ('10e2d6bb-fbf0-568e-a091-fddfc1e28771', 5, 'Press Tate', null, false, null, '2026-01-01T00:00:00.000Z'),
  ('8cef3324-417a-594b-8ae9-deb5d115e8b1', 9, 'Alongamento em V', null, false, null, '2026-01-01T00:00:00.000Z'),
  ('c00588c7-d51b-58b0-a00d-1cbfa5d00cdd', 9, 'Virada de Pneu', null, false, null, '2026-01-01T00:00:00.000Z'),
  ('ce257fac-7d80-5583-83e2-847864b8b49f', 8, 'Toque nos Dedos dos Pés', null, false, null, '2026-01-01T00:00:00.000Z'),
  ('f435f1d2-d88b-57dc-98ea-2d9b7a4fae74', 8, 'Rotação do Tronco', null, false, null, '2026-01-01T00:00:00.000Z'),
  ('c037e131-35a5-5c55-b44c-b5263d05182f', 9, 'Corrida/Caminhada em Trilha', null, false, null, '2026-01-01T00:00:00.000Z'),
  ('7fb8c9c0-f092-53a5-8a8c-bf3cde1a2b5d', 9, 'Levantamento Terra com Barra Hexagonal', null, false, null, '2026-01-01T00:00:00.000Z'),
  ('deb29e56-7a6c-50bd-b7b2-812c899dec69', 5, 'Tríceps Coice com Halter', null, false, null, '2026-01-01T00:00:00.000Z'),
  ('eab7df84-3c1b-50a1-be0c-cf1247528ca8', 5, 'Alongamento Lateral de Tríceps', null, false, null, '2026-01-01T00:00:00.000Z'),
  ('4bfeea79-5a46-5ec2-8918-ac2c3269bc95', 5, 'Extensão de Tríceps Atrás da Cabeça com Corda', null, false, null, '2026-01-01T00:00:00.000Z'),
  ('f9b2d7bf-eb0b-5ffa-80d4-a404482cd631', 5, 'Tríceps Pulley com Corda', null, false, null, '2026-01-01T00:00:00.000Z'),
  ('109dc27e-52a0-5c3e-a2e4-6d09be421c00', 5, 'Tríceps Pulley com Barra V', null, false, null, '2026-01-01T00:00:00.000Z'),
  ('e5ed05f6-d308-5ee5-b39a-addde59e9ac2', 5, 'Alongamento de Tríceps', null, false, null, '2026-01-01T00:00:00.000Z'),
  ('7cf4f9f2-fabb-5320-80f3-d1c498f8996f', 8, 'Abdominal Agrupado', null, false, null, '2026-01-01T00:00:00.000Z'),
  ('6e7ddf11-9b8c-5d7f-9078-c7f4e01180e6', 4, 'Rosca Scott com Halteres', null, false, null, '2026-01-01T00:00:00.000Z'),
  ('59ae587e-9882-5c81-be76-7728f8883a04', 3, 'Clean com Kettlebell de Dois Braços', null, false, null, '2026-01-01T00:00:00.000Z'),
  ('1d603eaf-7b16-5b7e-aa09-e68082444f12', 3, 'Jerk com Kettlebell de Dois Braços', null, false, null, '2026-01-01T00:00:00.000Z'),
  ('deef0412-3478-5c12-a8e4-228bf717170b', 3, 'Desenvolvimento Militar com Kettlebell de Dois Braços', null, false, null, '2026-01-01T00:00:00.000Z'),
  ('a01ac6a4-db80-5b6c-9c55-c6b9ab079713', 2, 'Remada com Kettlebell de Dois Braços', null, false, null, '2026-01-01T00:00:00.000Z'),
  ('2af60fba-83c1-59d4-b87f-39ac5f0c1202', 9, 'Alongamento de Costas e Pernas', null, false, null, '2026-01-01T00:00:00.000Z'),
  ('e883c31e-b551-5c87-8219-101539c39902', 2, 'Alongamento da Parte Superior das Costas', null, false, null, '2026-01-01T00:00:00.000Z'),
  ('f657fe2c-6afc-5959-84ce-c646825c175b', 3, 'Remada Alta com Barra', null, false, null, '2026-01-01T00:00:00.000Z'),
  ('ed492d62-3448-5e32-b5c9-2a9f87fc9bff', 7, 'Remada Alta com Faixas Elásticas', null, false, null, '2026-01-01T00:00:00.000Z'),
  ('0d18fe13-a83d-56cb-8384-91a449975d9b', 3, 'Alongamento para Cima', null, false, null, '2026-01-01T00:00:00.000Z'),
  ('760c3b03-f045-566c-9da7-d32e4a3bfb45', 2, 'Puxada no Pulley com Barra V', null, false, null, '2026-01-01T00:00:00.000Z'),
  ('0654f78c-1515-5627-a5e5-e97eaaab5a9c', 2, 'Barra Fixa com Barra V', null, false, null, '2026-01-01T00:00:00.000Z'),
  ('2cd0a245-e23a-5cf3-94dd-dad76503368f', 9, 'Balancê Vertical com Halter', null, false, null, '2026-01-01T00:00:00.000Z'),
  ('0f5aa08b-04e5-5482-995c-c2785929cbbc', 9, 'Caminhada na Esteira', null, false, null, '2026-01-01T00:00:00.000Z'),
  ('be786543-fae5-52e1-9838-22c78aa75caa', 2, 'Hiperextensão com Bola e Peso', null, false, null, '2026-01-01T00:00:00.000Z'),
  ('d1cee9a0-79b8-5b00-b375-a023c70a01fd', 8, 'Inclinação Lateral com Bola e Peso', null, false, null, '2026-01-01T00:00:00.000Z'),
  ('3f671939-352e-5509-9abb-0621dbce9c73', 5, 'Mergulho no Banco com Peso', null, false, null, '2026-01-01T00:00:00.000Z'),
  ('99cd0dc6-516f-5f50-92d1-1f14c474c5bf', 8, 'Abdominais com Peso', null, false, null, '2026-01-01T00:00:00.000Z'),
  ('30a563e8-21ca-5262-8767-26343b8088bd', 9, 'Agachamento com Salto e Peso', null, false, null, '2026-01-01T00:00:00.000Z'),
  ('180b0593-2216-5c2a-b346-9b0c214255bf', 2, 'Barra Fixa com Peso', null, false, null, '2026-01-01T00:00:00.000Z'),
  ('5afc91be-76b5-51fa-bb5e-40c87283d7a4', 9, 'Agachamento Sissy com Peso', null, false, null, '2026-01-01T00:00:00.000Z'),
  ('0a01bad3-b8df-53c5-a442-23c3c006d2fd', 8, 'Abdominais com Peso e Faixas', null, false, null, '2026-01-01T00:00:00.000Z'),
  ('9a612a0f-333e-5d2c-a238-728461980075', 9, 'Agachamento com Peso', null, false, null, '2026-01-01T00:00:00.000Z'),
  ('97ec58ad-a47d-5757-a264-b49be15b0a97', 1, 'Supino Reto com Barra e Pegada Larga', null, false, null, '2026-01-01T00:00:00.000Z'),
  ('17d4cdb2-e7e8-5eff-9597-4338d71643d2', 1, 'Supino Declinado com Barra e Pegada Larga', null, false, null, '2026-01-01T00:00:00.000Z'),
  ('51716076-5ad5-5690-8a69-f720d2f43752', 1, 'Pullover com Barra em Banco Declinado e Pegada Larga', null, false, null, '2026-01-01T00:00:00.000Z'),
  ('ace24ddd-d4bc-526c-99a9-742765a6226d', 2, 'Pulldown Atrás da Nuca com Pegada Larga', null, false, null, '2026-01-01T00:00:00.000Z'),
  ('b2eec661-9188-557b-9843-fc250febdfda', 2, 'Barra Fixa Atrás da Nuca com Pegada Larga', null, false, null, '2026-01-01T00:00:00.000Z'),
  ('2fec62e5-f9fd-5610-adbe-25202c334299', 4, 'Rosca Direta com Barra em Pegada Aberta', null, false, null, '2026-01-01T00:00:00.000Z'),
  ('67989f4f-7cc1-58d8-9ce0-409d48d6653e', 9, 'Agachamento com Barra em Pé Afastado', null, false, null, '2026-01-01T00:00:00.000Z'),
  ('b4b1c1bf-16d6-5032-89b3-1fedab0ce833', 9, 'Stiff-Leg com Base Larga', null, false, null, '2026-01-01T00:00:00.000Z'),
  ('42b4efc9-d844-5b6e-9222-395d60a2e572', 8, 'Sprints Suspensos', null, false, null, '2026-01-01T00:00:00.000Z'),
  ('5f2d19db-2b34-5053-a1b8-00e4ff9f04d4', 9, 'Moinhos de Vento', null, false, null, '2026-01-01T00:00:00.000Z'),
  ('2d024ad5-e8b8-515f-a35f-213ede931a84', 9, 'Alongamento Mais Completo do Mundo', null, false, null, '2026-01-01T00:00:00.000Z'),
  ('ea0ae0f4-9911-506d-a1dd-614b39a9b49f', 6, 'Círculos com os Punhos', null, false, null, '2026-01-01T00:00:00.000Z'),
  ('9d4ada20-a2c5-5afa-be32-005195b7e1c4', 6, 'Rolo de Punho', null, false, null, '2026-01-01T00:00:00.000Z'),
  ('cf7cbdf5-1019-5932-b562-79a521ad77d1', 6, 'Rotação de Punhos com Barra Reta', null, false, null, '2026-01-01T00:00:00.000Z'),
  ('b829e515-8e93-5bbf-a55f-dc4f86ef0f37', 9, 'Caminhada com Yoke', null, false, null, '2026-01-01T00:00:00.000Z'),
  ('bdb33f5e-31bc-582f-89bd-472028ce5e60', 9, 'Agachamento Zercher', null, false, null, '2026-01-01T00:00:00.000Z'),
  ('71447306-b58b-5a10-aea2-4bd92675ac06', 4, 'Rosca Zottman', null, false, null, '2026-01-01T00:00:00.000Z'),
  ('2afceb5b-4720-51e5-b0d9-311a1586e7c4', 4, 'Rosca Zottman no Banco Scott', null, false, null, '2026-01-01T00:00:00.000Z')
on conflict (id) do nothing;

-- Alimentos (catálogo TACO nativo)
insert into foods (id, name, portion_desc, portion_grams, protein_g, carbs_g, fat_g, kcal, is_custom, owner_id) values
  ('b298af11-7b2b-4966-a21a-05da193de214', 'Arroz branco cozido', '100g', 100, 2.5, 28.1, 0.2, 128, false, null),
  ('d017c251-fa3b-4d91-ba5a-ec3988ac6f65', 'Arroz integral cozido', '100g', 100, 2.6, 25.8, 1, 124, false, null),
  ('1e93d5b5-0d87-4550-a7cb-5d7e2770cd10', 'Feijão carioca cozido', '100g', 100, 4.8, 13.6, 0.5, 76, false, null),
  ('a27a2db4-4a9a-49f0-9baa-261bf0462a04', 'Feijão preto cozido', '100g', 100, 4.5, 14, 0.5, 77, false, null),
  ('4125200c-02d6-4580-9dd7-f1b4e0162cbe', 'Peito de frango grelhado', '100g', 100, 32, 0, 3.6, 159, false, null),
  ('21b785df-a42b-4d21-918a-c7af28b53d62', 'Coxa de frango assada', '100g', 100, 26, 0, 10, 197, false, null),
  ('2ecb1535-94a1-4ab7-9bfb-ebaa050cf6b7', 'Carne bovina moída (patinho)', '100g', 100, 26, 0, 8, 180, false, null),
  ('ac7ebfca-e8c8-4746-bdc6-d33ee19edd59', 'Ovo cozido', '1 unidade', 50, 6.3, 0.6, 5, 70, false, null),
  ('6e234da4-a65e-426b-8d10-858d4224fbe0', 'Ovo (clara)', '1 unidade', 33, 3.6, 0.2, 0, 17, false, null),
  ('935273f0-8944-4816-a015-70334dfe7571', 'Batata doce cozida', '100g', 100, 1.6, 20.1, 0.1, 86, false, null),
  ('e4c52205-3198-4907-96c3-d22213e537ee', 'Batata inglesa cozida', '100g', 100, 1.9, 18.2, 0.1, 82, false, null),
  ('20ca8cd7-96f1-40c6-b59c-80038d9ec1e2', 'Aveia em flocos', '100g', 100, 13.9, 66.6, 8.5, 394, false, null),
  ('8ad726e1-c0d1-4159-999a-9d4cc49f8d96', 'Pão francês', '1 unidade', 50, 4, 28, 1.5, 135, false, null),
  ('76de02ae-9759-4a7c-bdf3-acf6d6de3066', 'Pão integral', '1 fatia', 25, 2.5, 12, 1, 70, false, null),
  ('c539b298-47cd-4d9e-bf93-56d61281fa6e', 'Whey protein (concentrado)', '1 scoop', 30, 24, 3, 1.5, 120, false, null),
  ('244c60d3-5b69-4e69-aa4a-4d2821f2867a', 'Banana prata', '1 unidade', 70, 0.9, 20, 0.1, 85, false, null),
  ('989e090a-70ad-4061-9f8d-cb702b22da6e', 'Maçã', '1 unidade', 130, 0.3, 19, 0.2, 78, false, null),
  ('326b3a39-b713-4e60-a67d-81331866c1bd', 'Brócolis cozido', '100g', 100, 2.8, 4, 0.4, 28, false, null),
  ('9abfe2ec-4672-473d-a2da-52056cb3f8d9', 'Tomate', '100g', 100, 0.9, 3.9, 0.2, 18, false, null),
  ('c6aaa5a8-a3e1-4028-8fa4-74260f30f461', 'Alface', '100g', 100, 1.4, 1.7, 0.2, 11, false, null),
  ('25308918-8844-4377-bd29-138079c3933a', 'Azeite de oliva extra virgem', '1 colher (sopa)', 13, 0, 0, 13.5, 119, false, null),
  ('253605dc-0be2-4f3d-8dce-92f962d8d497', 'Castanha do Pará', '1 unidade', 5, 0.7, 0.6, 3.4, 33, false, null),
  ('27cd390b-351f-4234-959a-8335e91c5c49', 'Amendoim torrado', '30g', 30, 7.6, 6, 14, 175, false, null),
  ('93d2cb38-c8b0-402d-a393-bc73f44fdf30', 'Iogurte natural integral', '100g', 100, 3.5, 4.7, 3, 61, false, null),
  ('cc8e73c3-2572-4f04-9cc3-1b76d330ca57', 'Leite desnatado', '200ml', 200, 6.8, 9.8, 0.4, 70, false, null),
  ('8e46cf95-1206-435e-a330-6077425e290e', 'Queijo minas frescal', '30g', 30, 5.4, 0.9, 4.3, 71, false, null),
  ('e2e06109-2bcc-4b7a-8a49-4494867517ea', 'Tapioca (goma hidratada)', '100g', 100, 0, 25, 0, 100, false, null),
  ('00a500d9-2116-4cb6-b725-41a192fc45f9', 'Salmão grelhado', '100g', 100, 22, 0, 13, 208, false, null),
  ('f5aeb1dc-fddb-4578-87e3-63643eab3a6f', 'Atum em água (lata)', '100g', 100, 26, 0, 1, 116, false, null),
  ('23f0660e-2643-4ba6-998a-2c7b7bffe75e', 'Abacate', '100g', 100, 2, 8.5, 14.7, 160, false, null),
  ('2ddee4d7-24d5-5f96-af11-e60c047eb62b', 'Arroz integral cru', '100g', 100, 7.32, 77.45, 1.86, 359.68, false, null),
  ('4f95b983-107a-5abc-9f24-b9fd46442ace', 'Arroz tipo 1 cru', '100g', 100, 7.16, 78.76, 0.34, 357.79, false, null),
  ('f95f75fa-632b-58dd-829e-f4d6fd020511', 'Arroz tipo 2 cozido', '100g', 100, 2.57, 28.19, 0.36, 130.12, false, null),
  ('93aa6c86-fc34-5519-b748-a64ae339f1ad', 'Arroz tipo 2 cru', '100g', 100, 7.24, 78.88, 0.28, 358.12, false, null),
  ('edffa14b-c354-5549-a94e-4a00cbd1fcdc', 'Biscoito doce maisena', '100g', 100, 8.07, 75.23, 11.97, 442.82, false, null),
  ('7a790ac9-8056-55db-9550-83a041540685', 'Biscoito doce recheado com chocolate', '100g', 100, 6.4, 70.55, 19.58, 471.82, false, null),
  ('c23c07cf-ed92-5a04-b7f5-2fbe5b48ef13', 'Biscoito doce recheado com morango', '100g', 100, 5.72, 71.01, 19.57, 471.17, false, null),
  ('1c7f8666-b109-5885-a34f-a83aa61fa19a', 'Biscoito doce wafer recheado de chocolate', '100g', 100, 5.56, 67.54, 24.67, 502.46, false, null),
  ('6416264e-7404-5541-9ace-b5cafa867db9', 'Biscoito doce wafer recheado de morango', '100g', 100, 4.52, 67.35, 26.4, 513.45, false, null),
  ('5062e066-a469-5388-be3a-e25f918ce61a', 'Biscoito salgado cream cracker', '100g', 100, 10.06, 68.73, 14.44, 431.73, false, null),
  ('e0f7a752-483f-509a-bb1c-08183c0bc413', 'Bolo mistura para', '100g', 100, 6.16, 84.71, 6.13, 418.63, false, null),
  ('d8e5ef52-3c92-5187-9bd9-1d578acb680c', 'Bolo pronto aipim', '100g', 100, 4.42, 47.86, 12.75, 323.85, false, null),
  ('f9edcd97-be0b-5bd3-a0ba-dfaeb6047154', 'Bolo pronto chocolate', '100g', 100, 6.22, 54.72, 18.47, 410.01, false, null),
  ('632e9050-9d8e-5845-97bd-f09aba537402', 'Bolo pronto coco', '100g', 100, 5.67, 52.28, 11.3, 333.44, false, null),
  ('516a6647-fd5c-54fc-99ba-2d14de858c83', 'Bolo pronto milho', '100g', 100, 4.8, 45.11, 12.42, 311.39, false, null),
  ('b8e02b63-8b3b-5741-b0ac-33de7b2f5c26', 'Canjica branca crua', '100g', 100, 7.2, 78.06, 0.97, 357.6, false, null),
  ('5fdb0009-ff21-5883-b76e-6688dd589f97', 'Canjica com leite integral', '100g', 100, 2.36, 23.63, 1.24, 112.46, false, null),
  ('b6e177f4-c758-573b-94b5-b0a13a1abdae', 'Cereais milho flocos com sal', '100g', 100, 7.29, 80.83, 1.6, 369.6, false, null),
  ('70467329-c2ec-5984-b00f-eecef8b375bc', 'Cereais milho flocos sem sal', '100g', 100, 6.88, 80.45, 1.18, 363.34, false, null),
  ('f414a331-e5da-5ea2-811d-105ac8b66e47', 'Cereais mingau milho infantil', '100g', 100, 6.43, 87.27, 1.09, 394.43, false, null),
  ('bdee82d9-5bff-545f-8b49-001a91aeccfa', 'Cereais mistura para vitamina trigo cevada e aveia', '100g', 100, 8.9, 81.62, 2.12, 381.13, false, null),
  ('e74f423f-057f-546f-b9a0-8d7d8fbbce95', 'Cereal matinal milho', '100g', 100, 7.16, 83.82, 0.96, 365.35, false, null),
  ('fe74e63d-f921-5397-a333-41e4b8b74c3f', 'Cereal matinal milho açúcar', '100g', 100, 4.74, 88.84, 0.67, 376.56, false, null),
  ('5b51723a-7672-543c-b9e7-b17eff537e10', 'Creme de arroz pó', '100g', 100, 7.03, 83.87, 1.23, 386, false, null),
  ('0b3c0e01-c40d-5c3d-87e9-e95fdc4d1c97', 'Creme de milho pó', '100g', 100, 4.82, 86.15, 1.64, 333.03, false, null),
  ('adcf219f-5007-5afa-aeb0-6c3cfb83db46', 'Curau milho verde', '100g', 100, 2.36, 13.94, 1.64, 78.43, false, null),
  ('592e7971-4754-52ea-8d35-4c2d2e8cc59b', 'Curau milho verde mistura para', '100g', 100, 2.22, 79.82, 13.37, 402.29, false, null),
  ('234e7e47-f988-5b86-b6c5-7131caca65a1', 'Farinha de arroz enriquecida', '100g', 100, 1.27, 85.5, 0.3, 363.06, false, null),
  ('19907134-b3a8-5ab6-83af-280507e2755c', 'Farinha de centeio integral', '100g', 100, 12.52, 73.3, 1.75, 335.78, false, null),
  ('024a1600-c9a8-55cd-aba0-44cf77f78641', 'Farinha de milho amarela', '100g', 100, 7.19, 79.08, 1.47, 350.59, false, null),
  ('1a4bfd78-1110-5ebe-bb02-d28e0f45056f', 'Farinha de rosca', '100g', 100, 11.38, 75.79, 1.46, 370.58, false, null),
  ('e333c3a7-ef9f-50ed-8c8f-061301e2c764', 'Farinha de trigo', '100g', 100, 9.79, 75.09, 1.37, 360.47, false, null),
  ('20ddb021-fe31-5b1e-951d-7a935a0015eb', 'Farinha láctea de cereais', '100g', 100, 11.88, 77.77, 5.79, 414.85, false, null),
  ('2c11a656-3596-5888-b90c-970dc55b86f0', 'Lasanha massa fresca cozida', '100g', 100, 5.81, 32.52, 1.16, 163.76, false, null),
  ('bad02159-51ae-5c9e-a746-b636b423b4fe', 'Lasanha massa fresca crua', '100g', 100, 7.01, 45.06, 1.34, 220.31, false, null),
  ('09babb65-0705-577b-8a9b-08dcf5857583', 'Macarrão instantâneo', '100g', 100, 8.79, 62.43, 17.24, 435.86, false, null),
  ('327984a2-1d94-57af-9725-120df7e47bb8', 'Macarrão trigo cru', '100g', 100, 10, 77.94, 1.3, 371.12, false, null),
  ('f5a88e29-1fa0-5c4e-b581-b8b970184f5d', 'Macarrão trigo cru com ovos', '100g', 100, 10.32, 76.62, 1.97, 370.57, false, null),
  ('55150f39-19e8-52f2-8a0b-ef4294701cf0', 'Milho amido cru', '100g', 100, 0.6, 87.15, 0, 361.37, false, null),
  ('3380efe6-df8c-55c5-a901-884af7e410d2', 'Milho fubá cru', '100g', 100, 7.21, 78.87, 1.9, 353.48, false, null),
  ('42bb9ff1-4e67-570c-aa47-8360fc68d0c4', 'Milho verde cru', '100g', 100, 6.59, 28.56, 0.61, 138.17, false, null),
  ('e676c90c-efc5-5128-92cf-f54845df68d0', 'Milho verde enlatado drenado', '100g', 100, 3.23, 17.14, 2.35, 97.56, false, null),
  ('66d09e94-0e92-52e8-960c-f416270135e5', 'Mingau tradicional pó', '100g', 100, 0.58, 89.34, 0.37, 373.42, false, null),
  ('bdbef691-7589-5796-b641-402393c4a75c', 'Pamonha barra para cozimento pré-cozida', '100g', 100, 2.55, 30.68, 4.85, 171.22, false, null),
  ('a23f3b4e-a3b7-583a-b145-14f4ddf02d5a', 'Pão aveia forma', '100g', 100, 12.35, 59.57, 5.69, 343.09, false, null),
  ('46a5d51c-a57c-56fc-bfb5-f53b14f00d43', 'Pão de soja', '100g', 100, 11.34, 56.51, 3.58, 308.73, false, null),
  ('ac357330-6883-5a79-ab54-66e8bb1c8410', 'Pão glúten forma', '100g', 100, 11.95, 44.12, 2.73, 252.99, false, null),
  ('d854b981-4271-5e88-b78e-e760b47c9ee7', 'Pão milho forma', '100g', 100, 8.3, 56.4, 3.11, 292.01, false, null),
  ('467af781-17ec-5fb0-b0d2-c31403b8e90d', 'Pão trigo forma integral', '100g', 100, 9.43, 49.94, 3.65, 253.19, false, null),
  ('b947fcd9-3059-5214-b44a-c36330c30777', 'Pão trigo sovado', '100g', 100, 8.4, 61.45, 2.84, 310.96, false, null),
  ('609c0e64-c918-569b-b138-bb2adeff1fed', 'Pastel de carne cru', '100g', 100, 10.74, 42.02, 8.79, 288.7, false, null),
  ('0abdba2f-f525-5017-8549-46811a83a0ed', 'Pastel de carne frito', '100g', 100, 10.1, 43.77, 20.14, 388.37, false, null),
  ('fc9c4306-9036-5886-b499-b5f4a43600ca', 'Pastel de queijo cru', '100g', 100, 9.85, 45.95, 9.63, 308.47, false, null),
  ('9abc80ab-2e19-5bd3-b104-592110031e6b', 'Pastel de queijo frito', '100g', 100, 8.71, 48.13, 22.67, 422.11, false, null),
  ('0741a39e-b13a-596c-a82c-626c0ba7c2b0', 'Pastel massa crua', '100g', 100, 6.9, 57.38, 5.48, 310.2, false, null),
  ('d56485cc-a7fd-52f3-9312-54327d2dedb5', 'Pastel massa frita', '100g', 100, 6.02, 49.34, 40.86, 569.67, false, null),
  ('f9756275-2a0a-5679-87df-281efff2564e', 'Pipoca com óleo de soja sem sal', '100g', 100, 9.93, 70.31, 15.94, 448.33, false, null),
  ('b520cde8-c283-52aa-be53-359da0522312', 'Polenta pré-cozida', '100g', 100, 2.29, 23.31, 0.3, 102.74, false, null),
  ('4722a997-063b-5308-ad24-aaeeb453b9e2', 'Torrada pão francês', '100g', 100, 10.52, 74.56, 3.3, 377.42, false, null),
  ('cf409f5e-7a6f-59da-82ae-ae1ab0caced5', 'Abóbora cabotian cozida', '100g', 100, 1.44, 10.76, 0.73, 48.04, false, null),
  ('866a000d-c54d-571e-b844-44a82c735472', 'Abóbora cabotian crua', '100g', 100, 1.75, 8.36, 0.54, 38.6, false, null),
  ('71e28d9c-984a-5b9d-94bb-6adfa12bc9b7', 'Abóbora menina brasileira crua', '100g', 100, 0.61, 3.3, 0, 13.61, false, null),
  ('cfdcfb9b-3b4f-507b-bc75-9596c7e79fe6', 'Abóbora moranga crua', '100g', 100, 0.96, 2.67, 0.06, 12.36, false, null),
  ('84b27977-4171-5ea8-b5a4-fda8741f57c0', 'Abóbora moranga refogada', '100g', 100, 0.39, 5.98, 0.8, 29, false, null),
  ('9508302f-4698-5a59-a84c-bf5b0138ce22', 'Abóbora pescoço crua', '100g', 100, 0.67, 6.12, 0.12, 24.47, false, null),
  ('8d062e4b-05d6-55e2-bb90-a9f84c858acb', 'Abobrinha italiana cozida', '100g', 100, 1.13, 2.98, 0.2, 15.04, false, null),
  ('5bb5093b-f0bf-5420-a1ca-57d949ca6905', 'Abobrinha italiana crua', '100g', 100, 1.14, 4.29, 0.14, 19.28, false, null),
  ('c53caef6-c5a3-5d10-a57a-c639228bd704', 'Abobrinha italiana refogada', '100g', 100, 1.07, 4.19, 0.82, 24.43, false, null),
  ('94bace66-e956-5f57-abd5-948e872517a7', 'Abobrinha paulista crua', '100g', 100, 0.64, 7.87, 0.14, 30.81, false, null),
  ('50dc55b5-252f-56dc-b999-e7e6f4603dd0', 'Acelga crua', '100g', 100, 1.44, 4.63, 0.11, 20.94, false, null),
  ('b0e3702e-cd80-58e8-b54c-3d0fa05dafb2', 'Agrião cru', '100g', 100, 2.69, 2.25, 0.24, 16.58, false, null),
  ('87f85ddb-6cb3-5495-9ec7-8d893954084d', 'Aipo cru', '100g', 100, 0.76, 4.27, 0.07, 19.09, false, null),
  ('2fe4f249-197e-562b-a428-fb28f02fb5ce', 'Alface americana crua', '100g', 100, 0.61, 1.75, 0.13, 8.79, false, null),
  ('3559b0af-d535-54f5-8352-7c6aa0d47ce3', 'Alface crespa crua', '100g', 100, 1.35, 1.7, 0.16, 10.68, false, null),
  ('9d7b0f25-c0e6-58bf-899c-71dd8a7a49d4', 'Alface lisa crua', '100g', 100, 1.69, 2.43, 0.12, 13.82, false, null),
  ('8b2f0f62-5d4b-585c-95cc-1c675e607a60', 'Alface roxa crua', '100g', 100, 0.91, 2.49, 0.19, 12.72, false, null),
  ('5fe6edd9-03d0-5ab6-a1b9-0a955e329ae0', 'Alfavaca crua', '100g', 100, 2.66, 5.24, 0.48, 29.18, false, null),
  ('514a8866-861c-5f5b-9d73-d26eb745b436', 'Alho cru', '100g', 100, 7.01, 23.91, 0.22, 113.13, false, null),
  ('80904e64-5c23-5539-9dc7-d46115c6fda5', 'Alho-poró cru', '100g', 100, 1.41, 6.88, 0.14, 31.51, false, null),
  ('37128e5b-7ab6-5ac9-b75a-f9e653248a91', 'Almeirão cru', '100g', 100, 1.77, 3.34, 0.22, 18.03, false, null),
  ('70154236-15ba-5d1d-be05-f51fbeca151d', 'Almeirão refogado', '100g', 100, 1.7, 5.7, 4.85, 65.08, false, null),
  ('edc9f5e5-6199-5edc-b619-87710f65d918', 'Batata baroa cozida', '100g', 100, 0.85, 18.95, 0.17, 80.12, false, null),
  ('ac9c3a1e-492d-5144-897b-0c3f2437861b', 'Batata baroa crua', '100g', 100, 1.05, 23.98, 0.17, 100.98, false, null),
  ('4dce0e82-599c-5466-9773-fbae37b94e7c', 'Batata doce crua', '100g', 100, 1.26, 28.2, 0.13, 118.24, false, null),
  ('872a4acd-1dcd-565f-82de-91dc1fa23926', 'Batata frita tipo chips industrializada', '100g', 100, 5.58, 51.22, 36.62, 542.73, false, null),
  ('61ef9aef-a286-5459-926d-8131dc24ceae', 'Batata inglesa crua', '100g', 100, 1.77, 14.69, 0, 64.37, false, null),
  ('3b807fee-3e9a-58d1-838b-fddcb92d9b39', 'Batata inglesa frita', '100g', 100, 4.97, 35.64, 13.11, 267.16, false, null),
  ('62e61e9d-b4b6-5994-9b5c-85291be75918', 'Batata inglesa sauté', '100g', 100, 1.29, 14.09, 0.9, 67.89, false, null),
  ('bc4d918a-5d56-5826-afea-09acc832275e', 'Berinjela cozida', '100g', 100, 0.68, 4.47, 0.15, 18.85, false, null),
  ('04680ef8-2b03-59f4-8b5b-44e090601d50', 'Berinjela crua', '100g', 100, 1.22, 4.43, 0.1, 19.63, false, null),
  ('85b69589-7446-5fa3-bcd4-8dae40066eb5', 'Beterraba cozida', '100g', 100, 1.29, 7.23, 0.09, 32.15, false, null),
  ('6b2bd116-196e-5440-a0ee-29132a51cbef', 'Beterraba crua', '100g', 100, 1.95, 11.11, 0.09, 48.83, false, null),
  ('87fc45a2-dc92-5526-a261-9d6256f13efd', 'Biscoito polvilho doce', '100g', 100, 1.29, 80.54, 12.25, 437.55, false, null),
  ('e366a022-8dc1-513f-bd51-b0ebef761a93', 'Brócolis cozido', '100g', 100, 2.13, 4.37, 0.46, 24.64, false, null),
  ('a7b45e2b-9d1a-5c53-845d-9fcfaf2296fa', 'Brócolis cru', '100g', 100, 3.64, 4.03, 0.27, 25.5, false, null),
  ('210e34df-023b-5786-b331-493070d0e84e', 'Cará cozido', '100g', 100, 1.53, 18.85, 0.11, 77.58, false, null),
  ('0426f5d8-8cff-50ff-8792-a65cd649a590', 'Cará cru', '100g', 100, 2.28, 22.95, 0.14, 95.63, false, null),
  ('fb3724ce-87f5-52f1-b674-695993fc0eda', 'Caruru cru', '100g', 100, 3.2, 5.97, 0.59, 34.03, false, null),
  ('f50e7d7e-74ff-5032-b0d7-a3fdf899a50e', 'Catalonha crua', '100g', 100, 1.87, 4.75, 0.28, 23.89, false, null),
  ('8c4b5fac-0e76-56ba-828e-c43830695eba', 'Catalonha refogada', '100g', 100, 1.95, 4.81, 4.81, 63.45, false, null),
  ('565043c9-77b7-5beb-b7b9-1084a4e5a129', 'Cebola crua', '100g', 100, 1.71, 8.85, 0.08, 39.42, false, null),
  ('20fc438f-835f-5c42-8c66-9bafd3f1b58b', 'Cebolinha crua', '100g', 100, 1.87, 3.37, 0.35, 19.52, false, null),
  ('597d03e0-5093-5ae1-a2b8-d81a8b540f6d', 'Cenoura cozida', '100g', 100, 0.85, 6.69, 0.22, 29.86, false, null),
  ('c5a4c015-8d96-503a-9fd9-07ef12d80e28', 'Cenoura crua', '100g', 100, 1.32, 7.66, 0.17, 34.14, false, null),
  ('aad119e0-e28c-5af3-bd2c-025ba3e72b1b', 'Chicória crua', '100g', 100, 1.14, 2.85, 0.14, 13.84, false, null),
  ('028c5b2d-2513-5697-a26b-851fa2234a16', 'Chuchu cozido', '100g', 100, 0.41, 4.79, 0, 18.54, false, null),
  ('17835946-17b3-5f57-b9a6-bd288f7c2b73', 'Chuchu cru', '100g', 100, 0.7, 4.14, 0.06, 16.98, false, null),
  ('f7f03f24-6c31-5f9b-8342-f0e03626d763', 'Coentro folhas desidratadas', '100g', 100, 20.88, 47.96, 10.39, 309.07, false, null),
  ('568397f9-d524-5110-9ae4-6ca6766d04b1', 'Couve manteiga crua', '100g', 100, 2.87, 4.33, 0.55, 27.06, false, null),
  ('f48f0db9-2dd9-5875-a6b3-1ac11c5591d5', 'Couve manteiga refogada', '100g', 100, 1.67, 8.71, 6.59, 90.34, false, null),
  ('a97c52d3-7607-5069-aac6-c7cd0a17399d', 'Couve-flor crua', '100g', 100, 1.91, 4.52, 0.21, 22.56, false, null),
  ('007ba324-fdd7-5e4e-a927-9b34e8af019f', 'Couve-flor cozida', '100g', 100, 1.24, 3.88, 0.27, 19.11, false, null),
  ('bfd13fcb-8878-5f4c-9972-bdf4a7128561', 'Espinafre Nova Zelândia cru', '100g', 100, 2, 2.57, 0.24, 16.1, false, null),
  ('2b525435-adb9-5c07-a893-64bb2f23d918', 'Espinafre Nova Zelândia refogado', '100g', 100, 2.72, 4.24, 5.43, 67.25, false, null),
  ('8d8e35a6-c650-574b-821a-dc4bc7c5aa53', 'Farinha de mandioca crua', '100g', 100, 1.55, 87.9, 0.28, 360.87, false, null),
  ('7b874e99-b920-5547-b646-88a684f33dd0', 'Farinha de mandioca torrada', '100g', 100, 1.23, 89.19, 0.29, 365.27, false, null),
  ('59c8c594-124a-5886-a7ef-cffe2454c25f', 'Farinha de puba', '100g', 100, 1.62, 87.29, 0.47, 360.18, false, null),
  ('de05d5f0-2b66-5525-ae8d-748959d7dc08', 'Fécula de mandioca', '100g', 100, 0.52, 81.15, 0.28, 330.85, false, null),
  ('7a5807ad-8162-504e-abd7-5611d7269a35', 'Feijão broto cru', '100g', 100, 4.17, 7.76, 0.1, 38.72, false, null),
  ('1de95e4f-573b-5a7d-a719-fb2cda7bc519', 'Inhame cru', '100g', 100, 2.05, 23.23, 0.21, 96.7, false, null),
  ('47da3c7a-ab18-58c9-b33c-7e0d228d424d', 'Jiló cru', '100g', 100, 1.4, 6.19, 0.22, 27.37, false, null),
  ('c2e55d23-3530-5a08-8010-00ddd7aed7d0', 'Jurubeba crua', '100g', 100, 4.41, 23.06, 3.91, 125.81, false, null),
  ('0a6408c1-a3de-5802-b77e-57418694e8f4', 'Mandioca cozida', '100g', 100, 0.57, 30.09, 0.3, 125.36, false, null),
  ('f7008cc6-207c-5b51-b8a3-179102bbc5fd', 'Mandioca crua', '100g', 100, 1.13, 36.17, 0.3, 151.42, false, null),
  ('9d36d22a-8f16-5949-962f-85663d547ab2', 'Mandioca farofa temperada', '100g', 100, 2.06, 80.3, 9.12, 405.69, false, null),
  ('60015764-a0c6-59c5-930e-89afc1996799', 'Mandioca frita', '100g', 100, 1.38, 50.25, 11.2, 300.06, false, null),
  ('b88ecbac-253d-50ed-9329-b69504345068', 'Manjericão cru', '100g', 100, 1.99, 3.64, 0.39, 21.15, false, null),
  ('bd462213-82c3-5159-9ffe-45a6ccd10f28', 'Maxixe cru', '100g', 100, 1.39, 2.73, 0.07, 13.75, false, null),
  ('dac132cc-e77b-5703-8a5e-6ec275041414', 'Mostarda folha crua', '100g', 100, 2.11, 3.24, 0.17, 18.11, false, null),
  ('e92f4e8b-7b5a-526f-ad75-4962e08b977f', 'Nhoque batata cozido', '100g', 100, 5.86, 36.78, 1.94, 180.78, false, null),
  ('acae7b8a-7453-5daf-883c-cf94d2255466', 'Nabo cru', '100g', 100, 1.2, 4.15, 0.05, 18.19, false, null),
  ('9991d82d-9363-53bf-9046-7de3a98e92b4', 'Palmito Juçara em conserva', '100g', 100, 1.79, 4.33, 0.4, 23.2, false, null),
  ('9e73d243-06fe-5d64-b876-e50567371714', 'Palmito pupunha em conserva', '100g', 100, 2.46, 5.51, 0.45, 29.43, false, null),
  ('0ba2f25d-72cf-5623-9693-100d9ea36552', 'Pão de queijo assado', '100g', 100, 5.12, 34.24, 24.57, 363.08, false, null),
  ('63515339-6dbe-5e79-be24-8b6b3e5f8972', 'Pão de queijo cru', '100g', 100, 3.65, 38.51, 13.99, 294.54, false, null),
  ('edd8ece1-fdf5-5b90-a5d0-aeebb8752deb', 'Pepino cru', '100g', 100, 0.87, 2.04, 0, 9.53, false, null),
  ('d413c491-c00a-5ba9-996c-db993a8a2b07', 'Pimentão amarelo cru', '100g', 100, 1.22, 5.96, 0.44, 27.93, false, null),
  ('9cfcd59d-3db5-5053-a6fd-4d40b4b602f3', 'Pimentão verde cru', '100g', 100, 1.05, 4.89, 0.15, 21.29, false, null),
  ('02a389bf-c884-5c80-a399-927e5e6c9bc6', 'Pimentão vermelho cru', '100g', 100, 1.04, 5.47, 0.15, 23.28, false, null),
  ('6d36388f-58ce-54e7-84cb-6665bd07cc64', 'Polvilho doce', '100g', 100, 0.43, 86.77, 0, 351.23, false, null),
  ('77db58ef-2fe4-5ecd-a206-282ff5f669e6', 'Quiabo cru', '100g', 100, 1.92, 6.37, 0.3, 29.94, false, null),
  ('24694b6f-0e26-5ec0-9e0d-901d33faed87', 'Rabanete cru', '100g', 100, 1.39, 2.73, 0.07, 13.74, false, null),
  ('18eede2b-643d-5365-8e3c-5e709ff929dd', 'Repolho branco cru', '100g', 100, 0.88, 3.86, 0.14, 17.12, false, null),
  ('1cdba835-9506-56fc-9dcc-ec3122807ca9', 'Repolho roxo cru', '100g', 100, 1.91, 7.2, 0.06, 30.91, false, null),
  ('f4ba9fe2-c809-52ce-85d6-edbad251b14c', 'Repolho roxo refogado', '100g', 100, 1.8, 7.56, 1.24, 41.77, false, null),
  ('6cb4c8a6-8878-5836-a877-b9ee87ba0daa', 'Rúcula crua', '100g', 100, 1.77, 2.22, 0.11, 13.13, false, null),
  ('f94c88cb-b381-5c91-9d45-d11b8bf30fb9', 'Salsa crua', '100g', 100, 3.26, 5.71, 0.61, 33.42, false, null),
  ('3a842ee2-d014-5fe8-9065-e40f5b484949', 'Seleta de legumes enlatada', '100g', 100, 3.42, 12.67, 0.35, 56.53, false, null),
  ('f365c452-99e5-51c8-9a37-fd7c7f30b556', 'Serralha crua', '100g', 100, 2.67, 4.95, 0.74, 30.4, false, null),
  ('944ae262-c288-5a13-b39c-b24ef78c9209', 'Taioba crua', '100g', 100, 2.9, 5.43, 0.93, 34.21, false, null),
  ('9f29c89a-b44c-5495-b0b3-9e118963eb57', 'Tomate com semente cru', '100g', 100, 1.1, 3.14, 0.17, 15.34, false, null),
  ('b366afa2-e62e-52bc-ab30-d0dbcdf98652', 'Tomate extrato', '100g', 100, 2.43, 14.96, 0.19, 60.93, false, null),
  ('75a5aa80-8d57-55de-a215-710af7d90ae4', 'Tomate molho industrializado', '100g', 100, 1.38, 7.71, 0.9, 38.45, false, null),
  ('d81e311b-c4bd-5645-85aa-f9de763a6c47', 'Tomate purê', '100g', 100, 1.36, 6.89, 0, 27.94, false, null),
  ('64936cb3-94dd-50be-877e-71910dd9d241', 'Tomate salada', '100g', 100, 0.81, 5.12, 0, 20.55, false, null),
  ('c56987f1-03f4-5a38-86bf-0ff5ea1d35dd', 'Vagem crua', '100g', 100, 1.79, 5.35, 0.17, 24.9, false, null),
  ('0645bede-2639-5077-9613-00d712f4bdb7', 'Abacaxi cru', '100g', 100, 0.86, 12.33, 0.12, 48.32, false, null),
  ('314d5467-6650-571c-98f0-45a5478c1330', 'Abacaxi polpa congelada', '100g', 100, 0.47, 7.8, 0.11, 30.59, false, null),
  ('b980ea3d-9f90-579e-a782-375284cb3565', 'Abiu cru', '100g', 100, 0.83, 14.93, 0.7, 62.42, false, null),
  ('d67afcef-c36f-5bc0-9ae2-65cce0d3a7c6', 'Açaí polpa com xarope de guaraná e glucose', '100g', 100, 0.72, 21.46, 3.66, 110.3, false, null),
  ('53837ad4-7121-5d72-8201-9a932322c9cf', 'Açaí polpa congelada', '100g', 100, 0.8, 6.21, 3.94, 58.05, false, null),
  ('b618969f-eaa9-5f1c-bc99-5c6043b19293', 'Acerola crua', '100g', 100, 0.91, 7.97, 0.21, 33.46, false, null),
  ('506ce089-aad6-5d62-82e9-8e85c53601a2', 'Acerola polpa congelada', '100g', 100, 0.59, 5.54, 0, 21.94, false, null),
  ('c7f6c482-ecd3-53a6-af4a-15a84eb02150', 'Ameixa calda enlatada', '100g', 100, 0.41, 46.89, 0, 182.85, false, null),
  ('746d966f-7b1a-5fda-a2bf-6d4d762df3a9', 'Ameixa crua', '100g', 100, 0.77, 13.85, 0, 52.54, false, null),
  ('72b9a141-6b39-5ca7-a9cd-6ad6b29d627a', 'Ameixa em calda enlatada drenada', '100g', 100, 1.02, 47.66, 0.28, 177.36, false, null),
  ('246d3f77-69e8-5a17-9309-727c82e1eb17', 'Atemóia crua', '100g', 100, 0.97, 25.33, 0.3, 96.97, false, null),
  ('a861856b-2fc3-57fb-9262-b3c0fe03a094', 'Banana da terra crua', '100g', 100, 1.43, 33.67, 0.24, 128.02, false, null),
  ('1cf62834-6bcf-58ad-8893-022a024b71d1', 'Banana doce em barra', '100g', 100, 2.17, 75.67, 0.05, 280.11, false, null),
  ('78cc8fef-5404-593b-a13b-ff8f3134e6b2', 'Banana figo crua', '100g', 100, 1.13, 27.8, 0.14, 105.08, false, null)
on conflict (id) do nothing;

insert into foods (id, name, portion_desc, portion_grams, protein_g, carbs_g, fat_g, kcal, is_custom, owner_id) values
  ('00727c80-a8d3-53c6-b664-e0e106fbadf1', 'Banana maçã crua', '100g', 100, 1.75, 22.34, 0.06, 86.81, false, null),
  ('9662244b-a86e-5556-962a-f0413f7ee579', 'Banana nanica crua', '100g', 100, 1.4, 23.85, 0.12, 91.53, false, null),
  ('fdded4b8-b7c2-52dc-9c0c-63aa9a4cbb10', 'Banana ouro crua', '100g', 100, 1.48, 29.34, 0.21, 112.37, false, null),
  ('9e46176f-3a94-5668-8674-d96a0584836e', 'Banana pacova crua', '100g', 100, 1.23, 20.31, 0.08, 77.91, false, null),
  ('f5c9946a-802c-5eaf-92a2-a2b87c94fdf2', 'Banana prata crua', '100g', 100, 1.27, 25.96, 0.07, 98.25, false, null),
  ('21bc510c-5bc5-5193-b0f7-99a946a2bbb7', 'Cacau cru', '100g', 100, 0.95, 19.41, 0.14, 74.29, false, null),
  ('3afc2f7e-a165-5492-ac35-5461beb2e23e', 'Cajá-Manga cru', '100g', 100, 1.28, 11.43, 0, 45.58, false, null),
  ('ae2663fd-47e4-5373-96a7-2417f20328a8', 'Cajá polpa congelada', '100g', 100, 0.59, 6.37, 0.17, 26.33, false, null),
  ('90a231dd-7f73-581b-accc-63baaefd5959', 'Caju cru', '100g', 100, 0.97, 10.29, 0.33, 43.07, false, null),
  ('09ef33c2-4888-58fa-857e-dbe3d4d34114', 'Caju polpa congelada', '100g', 100, 0.48, 9.35, 0.15, 36.57, false, null),
  ('54f33863-e432-5bb0-93ab-203244b36d78', 'Caju suco concentrado envasado', '100g', 100, 0.4, 10.73, 0.2, 45.11, false, null),
  ('a10c14b5-cc57-55e5-9878-32af1f796c0f', 'Caqui chocolate cru', '100g', 100, 0.36, 19.33, 0.07, 71.35, false, null),
  ('b442bb5a-d508-5b89-86e9-12aeed7c6d0a', 'Carambola crua', '100g', 100, 0.87, 11.48, 0.18, 45.74, false, null),
  ('dd0ce912-a1c2-52a8-8be3-9d31dcd3a2cf', 'Ciriguela crua', '100g', 100, 1.4, 18.86, 0.36, 75.59, false, null),
  ('6b6df6f1-d391-5b9f-811a-7aee9effddeb', 'Cupuaçu cru', '100g', 100, 1.16, 10.43, 0.95, 49.42, false, null),
  ('91f435d5-4a50-5d42-b1d7-a5adef5fec49', 'Cupuaçu polpa congelada', '100g', 100, 0.84, 11.39, 0.59, 48.8, false, null),
  ('222cc6b5-3928-5a7e-a6ed-07de6825fa77', 'Figo cru', '100g', 100, 0.97, 10.25, 0.16, 41.45, false, null),
  ('23225e13-3afd-5f15-b2e1-0fde25a560aa', 'Figo enlatado em calda', '100g', 100, 0.56, 50.34, 0.15, 184.36, false, null),
  ('b9274ad7-8b9a-551d-b90d-6d56c9dca1c9', 'Fruta-pão crua', '100g', 100, 1.08, 17.17, 0.19, 67.05, false, null),
  ('2a35330e-cefb-51ce-aef0-0326760f9653', 'Goiaba branca com casca crua', '100g', 100, 0.9, 12.4, 0.49, 51.74, false, null),
  ('a4b476a2-0def-56c2-bbd8-c50996ff6374', 'Goiaba doce em pasta', '100g', 100, 0.58, 74.12, 0, 268.96, false, null),
  ('b6a54c7c-013a-5f2e-96ba-1722f9419946', 'Goiaba doce cascão', '100g', 100, 0.41, 78.7, 0.1, 285.59, false, null),
  ('74a02939-f6fc-50fd-a8bf-95bad5bf9b51', 'Goiaba vermelha com casca crua', '100g', 100, 1.09, 13.01, 0.44, 54.17, false, null),
  ('cd925e13-bd3b-5363-84aa-c4afb6844230', 'Graviola crua', '100g', 100, 0.85, 15.84, 0.21, 61.62, false, null),
  ('e07ee9c8-a9aa-5a19-9b63-d92bd3e19e54', 'Graviola polpa congelada', '100g', 100, 0.57, 9.78, 0.14, 38.27, false, null),
  ('6afd00c2-f33a-5198-849a-abcf294eefec', 'Jabuticaba crua', '100g', 100, 0.61, 15.26, 0.13, 58.05, false, null),
  ('db938183-f40e-542a-9b65-0e1840695a08', 'Jaca crua', '100g', 100, 1.4, 22.5, 0.27, 87.92, false, null),
  ('a59f7212-be1d-5ffd-8a90-6572a132f69b', 'Jambo cru', '100g', 100, 0.89, 6.49, 0.07, 26.91, false, null),
  ('28abcc23-59ff-5826-ae7d-4a1f770e7f49', 'Jamelão cru', '100g', 100, 0.55, 10.63, 0.11, 41.01, false, null),
  ('21db01f4-fac9-5d23-b945-a530e024a3eb', 'Kiwi cru', '100g', 100, 1.34, 11.5, 0.63, 51.14, false, null),
  ('97db0dfb-ffd6-574c-9fdf-c543a701b6d9', 'Laranja baía crua', '100g', 100, 0.98, 11.47, 0.1, 45.44, false, null),
  ('a9cd6817-debb-5108-b0e0-5091fc71e4da', 'Laranja baía suco', '100g', 100, 0.65, 8.7, 0, 36.65, false, null),
  ('e2e1b40d-1c27-53c3-859c-2608917d3bb5', 'Laranja da terra crua', '100g', 100, 1.08, 12.86, 0.19, 51.47, false, null),
  ('70a4a2e6-a1a2-5683-acee-7d5afacdfa44', 'Laranja da terra suco', '100g', 100, 0.67, 9.57, 0.14, 40.96, false, null),
  ('ba4e463a-7cef-54dd-8c7b-7f9d0f093d3f', 'Laranja lima crua', '100g', 100, 1.06, 11.53, 0.08, 45.7, false, null),
  ('813dd8e6-2eb4-53fa-b6cd-1c9a4009e12d', 'Laranja lima suco', '100g', 100, 0.71, 9.17, 0.12, 39.34, false, null),
  ('a341925e-2b1d-5234-885b-92c0a573200d', 'Laranja pêra crua', '100g', 100, 1.04, 8.95, 0.13, 36.77, false, null),
  ('933adbcd-8b24-5725-9206-a271492e79ea', 'Laranja pêra suco', '100g', 100, 0.74, 7.55, 0.07, 32.71, false, null),
  ('2b8aee87-9e88-57b1-9e11-d59b708aad7b', 'Laranja valência crua', '100g', 100, 0.77, 11.72, 0.16, 46.11, false, null),
  ('6bfcf636-59dd-5959-803e-a4f8af58f6fa', 'Laranja valência suco', '100g', 100, 0.48, 8.55, 0.12, 36.2, false, null),
  ('02f697ad-68b5-5957-8b05-985209daf28c', 'Limão cravo suco', '100g', 100, 0.33, 5.25, 0, 14.1, false, null),
  ('0ce05218-6a8e-5d05-8cf1-45c39ef07791', 'Limão galego suco', '100g', 100, 0.57, 7.32, 0.07, 22.23, false, null),
  ('0383aeaa-10c4-5b0f-b183-8f6dd0c02939', 'Limão tahiti cru', '100g', 100, 0.94, 11.08, 0.14, 31.82, false, null),
  ('da9c5eea-755f-5c03-bac5-9c9097ab93ff', 'Maçã Argentina com casca crua', '100g', 100, 0.23, 16.59, 0.25, 62.53, false, null),
  ('a77dd64e-d397-5e52-bb0c-66cdbeed2d4d', 'Maçã Fuji com casca crua', '100g', 100, 0.29, 15.15, 0, 55.52, false, null),
  ('e2fdc0a6-b1c8-5601-ab3f-bc0f0015163d', 'Macaúba crua', '100g', 100, 2.08, 13.95, 40.66, 404.28, false, null),
  ('540ae46f-2bb9-516d-88d6-27b97d39669b', 'Mamão doce em calda drenado', '100g', 100, 0.19, 54, 0.07, 195.63, false, null),
  ('2b23394d-387f-538f-b05a-6a0d80bab3f6', 'Mamão Formosa cru', '100g', 100, 0.82, 11.55, 0.12, 45.34, false, null),
  ('71a54ccb-7f44-53da-9a55-e2f3837a61a8', 'Mamão Papaia cru', '100g', 100, 0.46, 10.44, 0.12, 40.16, false, null),
  ('e7a5f9eb-1fc4-5dd4-8d83-d38557032b3e', 'Mamão verde doce em calda drenado', '100g', 100, 0.32, 57.64, 0.1, 209.38, false, null),
  ('beb6122c-88cc-5bcc-a6dc-78e28a66d050', 'Manga Haden crua', '100g', 100, 0.41, 16.66, 0.26, 63.5, false, null),
  ('0e28463d-5290-551d-bd84-c744ce3c225c', 'Manga Palmer crua', '100g', 100, 0.41, 19.35, 0.17, 72.49, false, null),
  ('5c0f4035-c359-5bf0-a931-6c9e14900a90', 'Manga polpa congelada', '100g', 100, 0.38, 12.52, 0.23, 48.31, false, null),
  ('c232f85f-d4ef-55bd-a57a-008922886825', 'Manga Tommy Atkins crua', '100g', 100, 0.86, 12.77, 0.22, 50.69, false, null),
  ('a73a91ea-1099-5286-9333-46c19b206a6b', 'Maracujá cru', '100g', 100, 1.99, 12.26, 2.1, 68.44, false, null),
  ('017bfb20-ff79-5941-8f18-3c483c6e1cf0', 'Maracujá polpa congelada', '100g', 100, 0.81, 9.6, 0.18, 38.76, false, null),
  ('ecd2f4ae-0d41-56bb-a3af-a77ad84617c3', 'Maracujá suco concentrado envasado', '100g', 100, 0.77, 9.64, 0.19, 41.97, false, null),
  ('c1e12ef7-1875-500f-838e-c55396befb9d', 'Melancia crua', '100g', 100, 0.88, 8.14, 0, 32.61, false, null),
  ('820bd8a9-6245-512f-b97c-469616aef137', 'Melão cru', '100g', 100, 0.68, 7.53, 0, 29.37, false, null),
  ('af8fee13-628a-5305-9b40-b5fdb2aaf0cd', 'Mexerica Murcote crua', '100g', 100, 0.88, 14.86, 0.13, 57.59, false, null),
  ('f5b477be-a081-5dd8-8e73-a637bfde530b', 'Mexerica Rio crua', '100g', 100, 0.65, 9.34, 0.13, 36.87, false, null),
  ('d5c2f898-28d3-5889-859b-06ba7b6cb325', 'Morango cru', '100g', 100, 0.89, 6.82, 0.31, 30.15, false, null),
  ('c01a8b76-8c4a-5e72-8ac1-a807307e69c3', 'Nêspera crua', '100g', 100, 0.31, 11.53, 0, 42.54, false, null),
  ('2eba2429-f0aa-5ff6-882a-f7bddd6e7150', 'Pequi cru', '100g', 100, 2.34, 12.97, 17.97, 204.97, false, null),
  ('6da1807c-2f8b-55a0-b7ac-331fd82ce81f', 'Pêra Park crua', '100g', 100, 0.24, 16.07, 0.23, 60.59, false, null),
  ('a2b795bc-2bd7-5796-913a-c007a905dc66', 'Pêra Williams crua', '100g', 100, 0.57, 14.02, 0.11, 53.31, false, null),
  ('9a64dd67-d131-51a2-86af-9291e78b5dd4', 'Pêssego Aurora cru', '100g', 100, 0.83, 9.32, 0, 36.33, false, null),
  ('8049de97-903a-5845-825e-48f056918c14', 'Pêssego enlatado em calda', '100g', 100, 0.71, 16.88, 0, 63.14, false, null),
  ('7b4cf67b-adb8-5e96-ae8a-2f1e4167961a', 'Pinha crua', '100g', 100, 1.49, 22.45, 0.32, 88.47, false, null),
  ('d7f70a80-ca2a-5326-83c3-16380860886e', 'Pitanga crua', '100g', 100, 0.93, 10.24, 0.17, 41.42, false, null),
  ('80625902-91e0-5014-b250-c279be221189', 'Pitanga polpa congelada', '100g', 100, 0.29, 4.76, 0.12, 19.11, false, null),
  ('a5237894-4c42-5e4b-bb2b-50ba19a35fe0', 'Romã crua', '100g', 100, 0.4, 15.11, 0, 55.74, false, null),
  ('a9ec8316-d984-5a7e-8b1e-dcdabcea1350', 'Tamarindo cru', '100g', 100, 3.21, 72.53, 0.46, 275.7, false, null),
  ('87563e90-d8bf-5b53-a2c2-4c5a0c5a50a3', 'Tangerina Poncã crua', '100g', 100, 0.85, 9.61, 0.07, 37.83, false, null),
  ('fcb3c425-18a6-5ad2-a3e1-1678950d7425', 'Tangerina Poncã suco', '100g', 100, 0.52, 8.8, 0, 36.11, false, null),
  ('e92296b5-347d-58b4-8067-8d5bf8eb7164', 'Tucumã cru', '100g', 100, 2.09, 26.47, 19.08, 262.02, false, null),
  ('179c9735-c3c5-5c74-8fcd-bd515beba87d', 'Umbu cru', '100g', 100, 0.84, 9.4, 0, 37.02, false, null),
  ('b6f4164e-a4b9-517d-861e-35d7e71dca46', 'Umbu polpa congelada', '100g', 100, 0.51, 8.79, 0.07, 33.94, false, null),
  ('75b78067-2b5f-5209-95e9-e998a333aae6', 'Uva Itália crua', '100g', 100, 0.75, 13.57, 0.2, 52.87, false, null),
  ('a1ec67c4-5fa2-5437-8728-9880c2660770', 'Uva Rubi crua', '100g', 100, 0.61, 12.7, 0.16, 49.06, false, null),
  ('0b8e3305-51a4-5847-9bd6-cd1873fe416c', 'Uva suco concentrado envasado', '100g', 100, 0, 14.71, 0, 57.66, false, null),
  ('e7011435-e406-5e75-8f24-f3eba2145b00', 'Azeite de dendê', '100g', 100, 0, 0, 100, 884, false, null),
  ('589487a8-709b-541c-a70b-fa0436af7e7e', 'Manteiga com sal', '100g', 100, 0.41, 0.06, 82.36, 725.97, false, null),
  ('fe56c107-7d4e-5f19-8cf7-472048ef0ec6', 'Manteiga sem sal', '100g', 100, 0.4, 0, 86.04, 757.54, false, null),
  ('23728c08-a268-5cd9-868b-ab802e67b093', 'Margarina com óleo hidrogenado com sal (65% de lipídeos)', '100g', 100, 0, 0, 67.43, 596.12, false, null),
  ('ecc0bcc3-09ae-5a77-89db-3a2240c59d56', 'Margarina com óleo hidrogenado sem sal (80% de lipídeos)', '100g', 100, 0, 0, 81.73, 722.53, false, null),
  ('d063dee4-338f-5183-9808-aeb847a1c5da', 'Margarina com óleo interesterificado com sal (65%de lipídeos)', '100g', 100, 0, 0, 67.25, 594.45, false, null),
  ('84eead49-ed5a-599f-8f67-d70bd0d873da', 'Margarina com óleo interesterificado sem sal (65% de lipídeos)', '100g', 100, 0, 0, 67.1, 593.14, false, null),
  ('8210e50f-5757-5357-8da5-96b253a29c9b', 'Óleo de babaçu', '100g', 100, 0, 0, 100, 884, false, null),
  ('64a0f2dc-1fcd-5745-8552-78a05689c66b', 'Óleo de canola', '100g', 100, 0, 0, 100, 884, false, null),
  ('e377a6af-8cd0-5fa0-8ebd-044bbe24d236', 'Óleo de girassol', '100g', 100, 0, 0, 100, 884, false, null),
  ('faf11d73-1e03-5da2-8688-7d7bfb2d5a23', 'Óleo de milho', '100g', 100, 0, 0, 100, 884, false, null),
  ('7b59c573-83ef-51e7-9f61-ab95b7637b4b', 'Óleo de pequi', '100g', 100, 0, 0, 100, 884, false, null),
  ('f16f52bb-5f62-5307-a58d-9c36ec885606', 'Óleo de soja', '100g', 100, 0, 0, 100, 884, false, null),
  ('ba99dd26-3047-5911-9519-d7d13a595a5f', 'Abadejo filé congelado assado', '100g', 100, 23.53, 0, 1.24, 111.62, false, null),
  ('dbf58082-dc63-595d-8532-f1ea1f2215fe', 'Abadejo filé congelado,cozido', '100g', 100, 19.35, 0, 0.94, 91.1, false, null),
  ('11e0c1b3-a14f-5e7b-b44d-40eec1f3d84e', 'Abadejo filé congelado cru', '100g', 100, 13.08, 0, 0.36, 59.11, false, null),
  ('779834fe-513d-579c-93bc-4109c0646375', 'Abadejo filé congelado grelhado', '100g', 100, 27.61, 0, 1.3, 129.64, false, null),
  ('a89c7f93-3ba5-54b9-8c03-087e3d24cb1a', 'Atum conserva em óleo', '100g', 100, 26.19, 0, 6, 165.91, false, null),
  ('d555b08d-8394-5130-b09d-2194b5263c53', 'Atum fresco cru', '100g', 100, 25.68, 0, 0.87, 117.5, false, null),
  ('99fd212f-c2c9-557f-b7a1-3c782b8d5520', 'Bacalhau salgado cru', '100g', 100, 29.04, 0, 1.32, 135.89, false, null),
  ('1b681c56-e2b3-50b3-8e10-b04a29dfab8d', 'Bacalhau salgado refogado', '100g', 100, 23.98, 1.22, 3.61, 139.66, false, null),
  ('0ce25ee0-1443-5535-a595-c4bf7df2bd26', 'Cação posta com farinha de trigo frita', '100g', 100, 24.95, 3.1, 9.95, 208.33, false, null),
  ('7bc13ccb-6a96-5324-bb49-776a9509dcb0', 'Cação posta cozida', '100g', 100, 25.59, 0, 0.75, 116.01, false, null),
  ('1df029d6-3886-5b90-8116-5829ea407fa9', 'Cação posta crua', '100g', 100, 17.85, 0, 0.79, 83.33, false, null),
  ('ee285248-046e-5e9e-93ed-dfb2b0b9c8ec', 'Camarão Rio Grande grande cozido', '100g', 100, 18.97, 0, 1, 90.01, false, null),
  ('53bb5c43-c06f-5c7f-b396-122a2fd8cbc5', 'Camarão Rio Grande grande cru', '100g', 100, 9.99, 0, 0.5, 47.18, false, null),
  ('959af610-3bb8-5cee-9f1e-774accd9185a', 'Camarão Sete Barbas sem cabeça com casca frito', '100g', 100, 18.39, 2.88, 15.62, 231.25, false, null),
  ('f1310d61-9cc3-56b3-8263-d3d975578207', 'Caranguejo cozido', '100g', 100, 18.48, 0, 0.42, 82.72, false, null),
  ('60922476-5788-51f1-9803-e7b526f982fd', 'Corimba cru', '100g', 100, 17.37, -0.03, 5.99, 128.16, false, null),
  ('8bdc9fac-695a-5d8c-9215-8a3a7e478330', 'Corimbatá assado', '100g', 100, 19.9, 0, 19.57, 261.45, false, null),
  ('df4fae37-ba87-5729-ad98-b0f31788c62b', 'Corimbatá cozido', '100g', 100, 20.13, 0, 16.93, 238.7, false, null),
  ('16323100-6184-5e52-9aab-c14de022e228', 'Corvina de água doce crua', '100g', 100, 18.92, 0, 2.24, 101.01, false, null),
  ('60ad9fbc-3813-55e3-bac4-b581ff9d2b88', 'Corvina do mar crua', '100g', 100, 18.57, 0, 1.58, 94, false, null),
  ('1a9fd8dc-ce13-59bb-9b2f-077139d010bb', 'Corvina grande assada', '100g', 100, 26.77, 0, 3.57, 146.53, false, null),
  ('7e8e2bf9-b8fe-5def-88a3-180681119a8d', 'Corvina grande cozida', '100g', 100, 23.44, 0, 2.56, 100.08, false, null),
  ('f4720d73-1de9-5c80-9ef1-12f0ff48242c', 'Dourada de água doce fresca', '100g', 100, 18.81, 0, 5.64, 131.21, false, null),
  ('6ce01fe7-85d8-57d3-afe9-067aec3ce2f6', 'Lambari congelado cru', '100g', 100, 16.81, 0, 6.55, 130.84, false, null),
  ('879753da-bf0b-52e9-a94d-78bce40e4b85', 'Lambari congelado frito', '100g', 100, 28.43, 0, 22.78, 326.87, false, null),
  ('c9a77417-b113-50e6-a67e-147b78180080', 'Lambari fresco,cru', '100g', 100, 15.65, 0, 9.4, 151.6, false, null),
  ('3a95ac37-8cc4-5126-8261-80bfa236c921', 'Manjuba com farinha de trigo frita', '100g', 100, 23.45, 10.24, 22.59, 343.55, false, null),
  ('7fcec75b-20b8-5d2f-b624-dd267d710a45', 'Manjuba frita', '100g', 100, 30.14, 0, 24.46, 349.33, false, null),
  ('d0f13d54-430c-52fd-a3c5-f2eb7a81b794', 'Merluza filé assado', '100g', 100, 26.6, 0, 0.92, 121.91, false, null),
  ('fe7b9c90-222e-5656-9fea-a169c2c10a1a', 'Merluza filé cru', '100g', 100, 16.61, 0, 2.02, 89.13, false, null),
  ('ffcf736f-9bcc-5a7c-a9da-60c52d36a14f', 'Merluza filé frito', '100g', 100, 26.93, 0, 8.5, 191.63, false, null),
  ('4570e755-ec8c-57bd-a1ed-f6f6ca9f458c', 'Pescada branca crua', '100g', 100, 16.26, 0, 4.59, 110.88, false, null),
  ('38404486-61f8-5a05-9c8f-195e35e48eeb', 'Pescada branca frita', '100g', 100, 27.36, 0, 11.78, 223.04, false, null),
  ('c220fca6-272e-5858-a8d4-9001fc229ffd', 'Pescada filé com farinha de trigo frito', '100g', 100, 21.44, 5.03, 19.11, 283.43, false, null),
  ('eb9209c2-5a94-5692-8cae-26013432d29e', 'Pescada filé cru', '100g', 100, 16.65, 0, 4, 107.21, false, null),
  ('45109957-2d2b-554c-bdda-dd31735b7eb2', 'Pescada filé frito', '100g', 100, 28.59, 0, 3.57, 154.27, false, null),
  ('86ebda2b-4e4d-57bf-b0ba-f571a2bbcaf7', 'Pescada filé molho escabeche', '100g', 100, 11.75, 5.02, 8.02, 141.96, false, null),
  ('b17f4205-6321-5b54-9c27-5d5a143f6930', 'Pescadinha crua', '100g', 100, 15.48, 0, 1.14, 76.41, false, null),
  ('6a45f077-e7be-5f96-9a03-76526feae3be', 'Pintado assado', '100g', 100, 36.45, 0, 3.98, 191.56, false, null),
  ('4ad9cc27-d57a-5e8b-9141-dfcb6314b1d5', 'Pintado cru', '100g', 100, 18.56, 0, 1.31, 91.08, false, null),
  ('8a0de630-beda-57c6-8aed-84d638a070b2', 'Pintado grelhado', '100g', 100, 30.8, 0, 2.29, 152.19, false, null),
  ('0d1738cf-5780-52f9-a769-61b31e9db37f', 'Porquinho cru', '100g', 100, 20.49, 0, 0.61, 93.02, false, null),
  ('de29b068-7790-5709-b2f3-8e9c5bca3e08', 'Salmão filé com pele fresco grelhado', '100g', 100, 23.92, 0, 14.04, 228.73, false, null),
  ('64af9122-e3b0-5f91-bb07-a67767be3231', 'Salmão sem pele fresco cru', '100g', 100, 19.25, 0, 9.71, 169.78, false, null),
  ('8fe82ffa-6135-58ed-904d-c86227588134', 'Salmão sem pele fresco grelhado', '100g', 100, 26.14, 0, 14.53, 242.71, false, null),
  ('f80ed679-be47-584f-96df-e95dc2245287', 'Sardinha assada', '100g', 100, 32.18, 0, 2.99, 164.35, false, null),
  ('891c3051-4fdd-545b-8966-30262913e329', 'Sardinha conserva em óleo', '100g', 100, 15.94, 0, 24.05, 284.98, false, null),
  ('177a2a65-e2ad-5398-9200-6cc2da9a3c9d', 'Sardinha frita', '100g', 100, 33.38, 0, 12.69, 257.04, false, null),
  ('3fb7fa0e-cbb6-507f-92bd-6db14946da9c', 'Sardinha inteira crua', '100g', 100, 21.08, 0, 2.65, 113.9, false, null),
  ('cc29e7b6-bfef-5dfb-841d-1e5e96bcb1fb', 'Tucunaré filé congelado cru', '100g', 100, 17.96, -0.05, 1.22, 87.69, false, null),
  ('d0a07d45-cbff-5bca-8134-56037087840a', 'Apresuntado', '100g', 100, 13.45, 2.86, 6.69, 128.86, false, null),
  ('610bccec-6a04-58b5-8680-b7e6cb91d3ab', 'Caldo de carne tablete', '100g', 100, 7.82, 15.05, 16.57, 240.62, false, null),
  ('81b5fb00-67c9-5d61-8308-362e97a4ba6d', 'Caldo de galinha tablete', '100g', 100, 6.28, 10.65, 20.42, 251.45, false, null),
  ('535287d6-fdbf-5ca4-b8e1-d1f6f4c11400', 'Carne bovina acém moído cozido', '100g', 100, 26.69, 0, 10.92, 212.42, false, null),
  ('5c63d49b-530b-5088-9064-573b92439296', 'Carne bovina acém moído cru', '100g', 100, 19.42, 0, 5.95, 136.56, false, null),
  ('937d832b-51fd-5528-8b99-e7dda9f14878', 'Carne bovina acém sem gordura cozido', '100g', 100, 27.27, 0, 10.88, 214.61, false, null),
  ('d44b5e7c-b77c-5e1b-ae06-8b62bfbd184c', 'Carne bovina acém sem gordura cru', '100g', 100, 20.82, 0, 6.11, 144.03, false, null),
  ('980f8cc3-cd36-5727-8fcc-fd3c3242705c', 'Carne bovina almôndegas cruas', '100g', 100, 12.31, 9.79, 11.2, 189.26, false, null),
  ('a6c9c93d-a8f4-5f06-a844-0bc9b9267f89', 'Carne bovina almôndegas fritas', '100g', 100, 18.16, 14.29, 15.78, 271.81, false, null),
  ('d8e29036-5be0-58f9-9301-a8197dd14806', 'Carne bovina bucho cozido', '100g', 100, 21.64, 0, 4.5, 133.02, false, null),
  ('c08af897-13c6-5476-930b-59505e28e468', 'Carne bovina bucho cru', '100g', 100, 20.53, 0, 5.5, 137.3, false, null),
  ('bc70ad37-4960-5657-a848-b0a868d4bd58', 'Carne bovina capa de contra-filé com gordura crua', '100g', 100, 19.2, 0, 14.96, 216.91, false, null),
  ('4d7838fa-8975-5d2c-89cf-24a960dbe6a0', 'Carne bovina capa de contra-filé com gordura grelhada', '100g', 100, 30.69, 0, 20.03, 311.7, false, null),
  ('2af0a251-becd-50bc-9095-9928bb5b37b0', 'Carne bovina capa de contra-filé sem gordura crua', '100g', 100, 21.54, 0, 4.33, 131.06, false, null),
  ('4cfb514d-fefa-5751-9aa3-98c25e2be488', 'Carne bovina capa de contra-filé sem gordura grelhada', '100g', 100, 35.06, -0.01, 9.95, 239.44, false, null),
  ('731975ff-d349-53e1-b767-c22e51ec90c9', 'Carne bovina charque cozido', '100g', 100, 36.36, 0, 11.92, 262.78, false, null),
  ('54cc54f4-4c2f-5878-bacc-8d1812cf10e8', 'Carne bovina charque cru', '100g', 100, 22.71, 0, 16.84, 248.86, false, null),
  ('a720b1df-87ec-5e11-aa41-7ffef6fef9f1', 'Carne bovina contra-filé à milanesa', '100g', 100, 20.61, 12.17, 24, 351.59, false, null),
  ('9b0750be-feb6-541b-a96e-8a1cfa9dd770', 'Carne bovina contra-filé de costela cru', '100g', 100, 19.8, 0, 13.07, 202.44, false, null),
  ('5b5abdae-5c12-51a8-9ebc-d6af91f7d008', 'Carne bovina contra-filé de costela grelhado', '100g', 100, 29.88, 0, 16.33, 274.91, false, null),
  ('ccbf3988-0442-5001-b4a6-51f5542e4012', 'Carne bovina contra-filé com gordura cru', '100g', 100, 21.15, 0, 12.81, 205.86, false, null),
  ('3901f6c9-2886-5b62-abc3-274ee7829cb5', 'Carne bovina contra-filé com gordura grelhado', '100g', 100, 32.4, 0, 15.49, 278.05, false, null),
  ('7fd67b53-8895-5cdc-8c87-42010d7749c1', 'Carne bovina contra-filé sem gordura cru', '100g', 100, 24, 0, 6, 156.62, false, null),
  ('04951890-c13d-52c0-9e23-95d505c4c1de', 'Carne bovina contra-filé sem gordura grelhado', '100g', 100, 35.88, 0, 4.49, 193.69, false, null),
  ('43aff5f5-cccd-5f7f-a445-0510132c582c', 'Carne bovina costela assada', '100g', 100, 28.81, 0, 27.72, 373.04, false, null),
  ('6512a071-f1cc-5650-9df9-91048af309f8', 'Carne bovina costela crua', '100g', 100, 16.71, 0, 31.75, 357.72, false, null),
  ('5e503165-55f7-5586-b310-4624f4a5b910', 'Carne bovina coxão duro sem gordura cozido', '100g', 100, 31.88, 0, 8.92, 216.62, false, null),
  ('fb25b26d-318d-55a1-819c-0ea2a9497ccd', 'Carne bovina coxão duro sem gordura cru', '100g', 100, 21.51, 0, 6.22, 147.97, false, null),
  ('30f82c63-7c12-59eb-9bf1-0bbe33ee16e2', 'Carne bovina coxão mole sem gordura cozido', '100g', 100, 32.38, 0, 8.91, 218.68, false, null),
  ('d538f516-2c17-55a5-92ec-ba2e8273dae2', 'Carne bovina coxão mole sem gordura cru', '100g', 100, 21.23, 0, 8.69, 169.07, false, null),
  ('7eea6dc6-d8f0-504f-8639-e7a3bb9b8c97', 'Carne bovina cupim assado', '100g', 100, 28.63, 0, 23.04, 330.1, false, null),
  ('7a3bd5db-8a01-5e8b-90c6-32fb93eec7cf', 'Carne bovina cupim cru', '100g', 100, 19.54, 0, 15.3, 221.4, false, null),
  ('84c0ed07-0afb-5d82-a695-df9e6c9a89bd', 'Carne bovina fígado cru', '100g', 100, 20.71, 1.11, 5.36, 141.05, false, null),
  ('b211cf8a-c828-5e2a-92ed-25d62a52c93e', 'Carne bovina fígado grelhado', '100g', 100, 29.86, 4.2, 9.01, 225.03, false, null),
  ('7202ce32-2883-541d-865e-d47edf28d34d', 'Carne bovina filé mingnon sem gordura cru', '100g', 100, 21.6, 0, 5.61, 142.86, false, null),
  ('7339117d-9dc3-5d04-ba7a-d93941a7ef7f', 'Carne bovina filé mingnon sem gordura grelhado', '100g', 100, 32.8, 0, 8.83, 219.7, false, null),
  ('ca0fa6aa-e563-55f9-8de5-3871c55419d5', 'Carne bovina flanco sem gordura cozido', '100g', 100, 29.38, 0, 7.77, 195.58, false, null),
  ('1eb9dfed-c467-5ced-8e2e-4e22b56abeaf', 'Carne bovina flanco sem gordura cru', '100g', 100, 20, 0, 6.22, 141.46, false, null),
  ('be69b746-c76b-51ae-8ba5-003264842a34', 'Carne bovina fraldinha com gordura cozida', '100g', 100, 24.24, 0, 26.05, 338.45, false, null),
  ('2e31283b-9f2a-502d-b577-0b8be4beb31c', 'Carne bovina fraldinha com gordura crua', '100g', 100, 17.58, 0, 16.15, 220.72, false, null),
  ('9f582d62-f063-5276-b870-b0a1d4ea824e', 'Carne bovina lagarto cozido', '100g', 100, 32.86, 0, 9.11, 222.47, false, null),
  ('dea55158-bbf0-5734-b6b0-7a54067f427c', 'Carne bovina lagarto cru', '100g', 100, 20.54, 0, 5.23, 134.86, false, null),
  ('e0c329e1-d0c4-502f-a333-d34096c07ab4', 'Carne bovina língua cozida', '100g', 100, 21.37, 0, 24.8, 314.9, false, null),
  ('1098b617-50a3-5c97-bd4a-f2d062f56fce', 'Carne bovina língua crua', '100g', 100, 17.09, 0, 15.77, 215.25, false, null),
  ('eea4f71d-6736-54ed-8425-661a9d8eae93', 'Carne bovina maminha crua', '100g', 100, 20.93, 0, 7.03, 152.77, false, null),
  ('06e425b0-53ef-55fa-a46c-ff86c681da92', 'Carne bovina maminha grelhada', '100g', 100, 30.74, 0, 2.42, 153.09, false, null),
  ('bbd91726-7e17-5bf4-ac75-d99526022f1b', 'Carne bovina miolo de alcatra sem gordura cru', '100g', 100, 21.61, 0, 7.83, 162.87, false, null),
  ('436dffca-b333-57d0-a0fc-79f404f9d3d9', 'Carne bovina miolo de alcatra sem gordura grelhado', '100g', 100, 31.93, 0, 11.64, 241.36, false, null),
  ('0cb89a29-a502-53ff-92ab-de581e870a36', 'Carne bovina músculo sem gordura cozido', '100g', 100, 31.23, 0, 6.7, 193.8, false, null),
  ('746287cb-7339-5301-ad87-f0d9afbf0c91', 'Carne bovina músculo sem gordura cru', '100g', 100, 21.56, 0, 5.49, 141.58, false, null),
  ('d177ad8b-afb0-5a2d-b533-7cffde3d1825', 'Carne bovina paleta com gordura crua', '100g', 100, 21.41, 0, 7.46, 158.71, false, null),
  ('08dfabcd-eb09-562e-b32a-7858772aa85e', 'Carne bovina paleta sem gordura cozida', '100g', 100, 29.72, 0, 7.4, 193.65, false, null),
  ('48988380-dcc3-5ae5-922b-75247395bd3e', 'Carne bovina paleta sem gordura crua', '100g', 100, 21.03, 0, 5.67, 140.94, false, null),
  ('4f037b28-0494-5b67-8eaa-4affe417c259', 'Carne bovina patinho sem gordura cru', '100g', 100, 21.72, 0, 4.51, 133.47, false, null),
  ('1883a100-9592-571e-a987-b18d4d5d1e91', 'Carne bovina patinho sem gordura grelhado', '100g', 100, 35.9, 0, 7.31, 219.26, false, null),
  ('df9dcc30-9b1c-5620-bf25-fc5390e4e428', 'Carne bovina peito sem gordura cozido', '100g', 100, 22.25, 0, 26.99, 338.47, false, null)
on conflict (id) do nothing;

insert into foods (id, name, portion_desc, portion_grams, protein_g, carbs_g, fat_g, kcal, is_custom, owner_id) values
  ('5b224666-aa5e-595c-b4da-19b3974f0985', 'Carne bovina peito sem gordura cru', '100g', 100, 17.56, 0, 20.43, 259.28, false, null),
  ('76287d09-4aa5-5045-b5d2-7c0eaede93ad', 'Carne bovina picanha com gordura crua', '100g', 100, 18.82, 0, 14.69, 212.88, false, null),
  ('188084f5-8a78-5cee-9b78-df53bc9fc53d', 'Carne bovina picanha com gordura grelhada', '100g', 100, 26.42, 0, 19.51, 288.77, false, null),
  ('da1aa14d-6708-5f97-8c89-256577ea7914', 'Carne bovina picanha sem gordura crua', '100g', 100, 21.25, 0, 4.74, 133.52, false, null),
  ('e84a5c84-0f5d-5ae5-a0eb-a4db8e62bb51', 'Carne bovina picanha sem gordura grelhada', '100g', 100, 31.91, 0, 11.33, 238.47, false, null),
  ('3e88003a-2460-5c56-8c7d-5041d029f131', 'Carne bovina seca cozida', '100g', 100, 26.93, 0, 21.93, 312.8, false, null),
  ('b10103f4-bf17-5e81-81c4-71848345b902', 'Carne bovina seca crua', '100g', 100, 19.66, 0, 25.37, 312.75, false, null),
  ('6bfc6f44-7f7d-5a74-b5c8-5ba06f722bf3', 'Coxinha de frango frita', '100g', 100, 9.61, 34.52, 11.84, 283.05, false, null),
  ('ecb1889c-b48b-59e8-b4fd-47428f6d0a1e', 'Croquete de carne cru', '100g', 100, 12.04, 13.95, 15.56, 245.77, false, null),
  ('c4a8e6f1-0d3b-52d5-afe4-99f238288dab', 'Croquete de carne frito', '100g', 100, 16.86, 18.15, 22.67, 346.74, false, null),
  ('29ce91eb-54d8-5053-b442-ae0625789779', 'Empada de frango pré-cozida assada', '100g', 100, 6.94, 47.49, 15.61, 358.19, false, null),
  ('ec912865-075f-5858-987c-e91bdb0f0830', 'Empada de frango pré-cozida', '100g', 100, 7.34, 35.53, 22.89, 377.48, false, null),
  ('04267fd1-84db-5e8a-842e-89b491e40677', 'Frango asa com pele crua', '100g', 100, 18.1, 0, 15.07, 213.19, false, null),
  ('bd51afb8-d217-5394-9219-11a5c018e11e', 'Frango caipira inteiro com pele cozido', '100g', 100, 23.88, 0, 15.62, 242.89, false, null),
  ('d3cf1124-9003-5a66-b010-283547ffec1b', 'Frango caipira inteiro sem pele cozido', '100g', 100, 29.58, 0, 7.7, 195.76, false, null),
  ('2339cd86-5183-5e7b-be02-b67720f040ec', 'Frango coração cru', '100g', 100, 12.58, 0, 18.6, 221.5, false, null),
  ('fefa52c3-d85a-527e-aff9-84721b78744a', 'Frango coração grelhado', '100g', 100, 22.44, 0.61, 12.1, 207.27, false, null),
  ('8e814515-f2fd-5b0a-9df8-10f433023e34', 'Frango coxa com pele assada', '100g', 100, 28.49, 0.06, 10.36, 215.12, false, null),
  ('84e0ee03-0b1e-59a6-91df-096e514d3433', 'Frango coxa com pele crua', '100g', 100, 17.09, 0, 9.81, 161.47, false, null),
  ('d3bfedec-985e-534d-b34e-975b534f3442', 'Frango coxa sem pele cozida', '100g', 100, 26.86, 0, 5.85, 167.43, false, null),
  ('b39a5641-c7d3-5aa8-982a-efb1426e78b0', 'Frango coxa sem pele crua', '100g', 100, 17.81, 0.02, 4.86, 119.95, false, null),
  ('6d2481a8-509a-5d15-a45c-87f00c167f05', 'Frango fígado cru', '100g', 100, 17.59, -0.02, 3.49, 106.48, false, null),
  ('863aab11-6508-5bda-9e73-84234f953932', 'Frango filé à milanesa', '100g', 100, 28.46, 7.51, 7.79, 220.87, false, null),
  ('c3e34041-b1e8-56ad-9cf7-e3c2e467e5c2', 'Frango inteiro com pele cru', '100g', 100, 16.44, 0, 17.31, 226.32, false, null),
  ('902ebaf4-0c00-5f7c-881c-3e93946a3bbd', 'Frango inteiro sem pele assado', '100g', 100, 28.03, 0, 7.5, 187.34, false, null),
  ('922d34e6-16b9-593f-8f7d-44af5b902674', 'Frango inteiro sem pele cozido', '100g', 100, 24.99, 0, 7.06, 170.39, false, null),
  ('8699fd38-6bc7-520c-938f-730d3968de91', 'Frango inteiro sem pele cru', '100g', 100, 20.59, 0, 4.57, 129.1, false, null),
  ('8cc6d8e2-28b1-5edc-b214-e0ff01a06e07', 'Frango peito com pele assado', '100g', 100, 33.42, 0, 7.65, 211.68, false, null),
  ('9f0c7f0f-d476-57e5-af46-51a321bfcd81', 'Frango peito com pele cru', '100g', 100, 20.78, 0, 6.73, 149.47, false, null),
  ('43fa5c4b-bdc9-5579-9673-2d76c23b9ac8', 'Frango peito sem pele cozido', '100g', 100, 31.47, 0, 3.16, 162.87, false, null),
  ('ac6745f5-7daa-5ec7-9a3a-0f2cbb35203f', 'Frango peito sem pele cru', '100g', 100, 21.53, 0, 3.02, 119.16, false, null),
  ('ade3f765-aa5c-5ffb-9ddc-4ccaff19a907', 'Frango sobrecoxa com pele assada', '100g', 100, 28.7, 0, 15.19, 259.6, false, null),
  ('0058fb33-306b-5474-b6d3-7f0e673bb6ff', 'Frango sobrecoxa com pele crua', '100g', 100, 15.46, 0, 20.9, 254.53, false, null),
  ('8059a5b4-40b3-53f1-8428-fb085e6d8033', 'Frango sobrecoxa sem pele assada', '100g', 100, 29.18, 0, 12.01, 232.88, false, null),
  ('e2ca3589-5250-5e8e-98ae-8eb08cf4e939', 'Frango sobrecoxa sem pele crua', '100g', 100, 17.57, 0, 9.62, 161.8, false, null),
  ('84fdb948-4de5-5a5e-88d9-aa29a2e049ee', 'Hambúrguer bovino cru', '100g', 100, 13.16, 4.15, 16.18, 214.84, false, null),
  ('f0f4bbd8-75da-58fc-b56e-d76f620c7448', 'Hambúrguer bovino frito', '100g', 100, 19.97, 6.32, 17.01, 258.28, false, null),
  ('894f1648-3e38-5dc4-a2d1-b4ad1e3f725e', 'Hambúrguer bovino grelhado', '100g', 100, 13.16, 11.33, 12.43, 209.83, false, null),
  ('c6faeb32-2768-57ff-8e56-dd171a46464e', 'Lingüiça frango crua', '100g', 100, 14.24, 0, 17.44, 218.11, false, null),
  ('d7ffc3fb-d3fe-5613-adc5-69bc3e5d4ae9', 'Lingüiça frango frita', '100g', 100, 18.32, 0, 18.54, 245.46, false, null),
  ('969fb1ac-a961-5e1b-bb88-74a34630da05', 'Lingüiça frango grelhada', '100g', 100, 18.19, 0, 18.4, 243.66, false, null),
  ('47ec34e9-13cf-5b47-a776-c047dadeb95b', 'Lingüiça porco crua', '100g', 100, 16.06, 0, 17.58, 227.2, false, null),
  ('f6442215-c6fc-5c15-b7a6-5250a4daf729', 'Lingüiça porco frita', '100g', 100, 20.45, 0, 21.31, 279.54, false, null),
  ('bc9328a0-04d5-5e2f-a4e6-130b38e4ec9a', 'Lingüiça porco grelhada', '100g', 100, 23.17, 0, 21.9, 296.49, false, null),
  ('1853a746-d28b-5f88-bc82-463008a1db81', 'Mortadela', '100g', 100, 11.95, 5.82, 21.65, 268.82, false, null),
  ('68a1da05-c43a-5b02-b6f0-b706e6982b72', 'Peru congelado assado', '100g', 100, 26.2, 0, 5.68, 163.07, false, null),
  ('37450509-7137-5edf-8dc1-393823200c79', 'Peru congelado cru', '100g', 100, 18.08, 0, 1.83, 93.72, false, null),
  ('c6a60640-a2f1-519e-b9dd-6ee63115589f', 'Porco bisteca crua', '100g', 100, 21.5, 0, 8.02, 164.12, false, null),
  ('d5e83c15-b92f-5d3c-9ea8-887485df621b', 'Porco bisteca frita', '100g', 100, 33.75, 0, 18.52, 311.17, false, null),
  ('13b05d8b-d1fa-54da-b9c2-f7f3c55a9aed', 'Porco bisteca grelhada', '100g', 100, 28.89, 0, 17.38, 280.08, false, null),
  ('40a34be3-5bdb-5f88-b9d2-dedfea11a668', 'Porco costela assada', '100g', 100, 30.22, 0, 30.28, 402.17, false, null),
  ('efa3ebed-8d51-557d-a724-b9992e2a5427', 'Porco costela crua', '100g', 100, 18, 0, 19.82, 255.61, false, null),
  ('919d34d3-f6cd-5322-b316-3aec28653d84', 'Porco lombo assado', '100g', 100, 35.73, 0, 6.4, 210.23, false, null),
  ('3335f564-8a89-540b-ab4e-d98e5a085f53', 'Porco lombo cru', '100g', 100, 22.6, 0, 8.77, 175.63, false, null),
  ('2949ed3d-af06-5849-b4c5-106a136f9e87', 'Porco orelha salgada crua', '100g', 100, 18.52, 0, 19.89, 258.49, false, null),
  ('3a82b018-d76c-5bdc-823d-0155abc3fead', 'Porco pernil assado', '100g', 100, 32.13, 0, 13.86, 262.26, false, null),
  ('b770e370-8853-5a41-9623-18190f6446d2', 'Porco pernil cru', '100g', 100, 20.13, 0, 11.1, 186.06, false, null),
  ('dabad4c9-42ba-5915-95e6-51e8c5169c54', 'Porco rabo salgado cru', '100g', 100, 15.58, 0, 34.47, 377.42, false, null),
  ('d4d82b88-d5a8-584d-a3fc-dfabd7eec95f', 'Presunto com capa de gordura', '100g', 100, 14.37, 1.4, 6.77, 127.85, false, null),
  ('787f8cbb-c7c6-5076-8074-5e91b80889e0', 'Presunto sem capa de gordura', '100g', 100, 14.29, 2.15, 2.71, 93.74, false, null),
  ('8ea0ed42-0bbb-5a1a-9836-ac956a38575b', 'Quibe assado', '100g', 100, 14.59, 12.86, 2.68, 136.23, false, null),
  ('5c9e250d-911d-5a9d-85f7-eb9df81abfe5', 'Quibe cru', '100g', 100, 12.35, 10.77, 1.67, 109.49, false, null),
  ('f2171c78-6a4c-5c6e-a187-3926513e2fa8', 'Quibe frito', '100g', 100, 14.89, 12.34, 15.8, 253.83, false, null),
  ('ca570660-7b27-53c9-bcdb-fd05b40b4d88', 'Salame', '100g', 100, 25.81, 2.91, 30.64, 397.84, false, null),
  ('0e93d66e-deda-5732-91a5-d8e9eda71f20', 'Toucinho cru', '100g', 100, 11.48, 0, 60.26, 592.53, false, null),
  ('f021c18d-cf56-5679-8a6a-29ce48df69c9', 'Toucinho frito', '100g', 100, 27.28, 0, 64.31, 696.56, false, null),
  ('c1fb9b6f-8b0b-55ab-a474-5995e002d086', 'Bebida láctea pêssego', '100g', 100, 2.13, 7.57, 1.91, 55.16, false, null),
  ('156bda17-9c45-5f62-a84d-1489be83ca24', 'Creme de Leite', '100g', 100, 1.51, 4.51, 22.48, 221.48, false, null),
  ('12e0e622-7442-5297-ba69-32cdab40f2d2', 'Iogurte natural', '100g', 100, 4.06, 1.92, 3.04, 51.49, false, null),
  ('44febb01-e135-54b0-a5ae-d5a2c20b1367', 'Iogurte natural desnatado', '100g', 100, 3.83, 5.77, 0.32, 41.49, false, null),
  ('059bc5e2-77a7-5441-8069-f36cad704d50', 'Iogurte sabor abacaxi', '100g', 100, 0, 0, 0, 0, false, null),
  ('27e85b8d-72a8-5a73-afca-e0bedd431096', 'Iogurte sabor morango', '100g', 100, 2.71, 9.69, 2.33, 69.57, false, null),
  ('712a2fd8-4aae-53a5-b75d-2befbbda86c7', 'Iogurte sabor pêssego', '100g', 100, 2.53, 9.43, 2.34, 67.85, false, null),
  ('adeed01a-b544-5da8-a413-fc0df0f801f6', 'Leite condensado', '100g', 100, 7.67, 57, 6.74, 312.57, false, null),
  ('0641b07d-ce54-59d9-a082-8ac3b032ce41', 'Leite de cabra', '100g', 100, 3.07, 5.25, 3.75, 66.42, false, null),
  ('2c301000-d7a2-50c4-9f5c-74ea50b5ff73', 'Leite de vaca achocolatado', '100g', 100, 2.1, 14.16, 2.17, 82.82, false, null),
  ('e0ebdf58-7286-5cbc-b93b-0e51ce85dcb5', 'Leite de vaca desnatado pó', '100g', 100, 34.69, 53.04, 0.93, 361.61, false, null),
  ('7286ccce-8538-5e83-967f-43081ee493b3', 'Leite de vaca integral', '100g', 100, 0, 0, 0, 0, false, null),
  ('69b3ec10-ee85-510f-b6b9-6e26b66d616e', 'Leite de vaca integral pó', '100g', 100, 25.42, 39.18, 26.9, 496.65, false, null),
  ('b7a270a3-0c74-5fa1-a5e5-16dec6cfa8d7', 'Leite fermentado', '100g', 100, 1.89, 15.67, 0.1, 69.62, false, null),
  ('6acad893-eb60-5b8f-b69e-dc635f9f615e', 'Queijo minas meia cura', '100g', 100, 21.21, 3.57, 24.61, 320.72, false, null),
  ('25252a83-2c40-5663-993d-3fa4267381cc', 'Queijo mozarela', '100g', 100, 22.65, 3.05, 25.18, 329.87, false, null),
  ('3be176bd-5240-5dda-9f00-f60c11bf63d5', 'Queijo parmesão', '100g', 100, 35.55, 1.66, 33.53, 452.96, false, null),
  ('50fab123-fb3e-59ac-9c4f-efc89c979a0c', 'Queijo pasteurizado', '100g', 100, 9.36, 5.68, 27.44, 303.08, false, null),
  ('9f944ab6-3d17-5eee-9980-806724ed3495', 'Queijo petit suisse morango', '100g', 100, 5.79, 18.46, 2.84, 121.11, false, null),
  ('aac3f298-0c62-5f14-a55c-47224729cd12', 'Queijo prato', '100g', 100, 22.66, 1.88, 29.11, 359.88, false, null),
  ('9d091483-fd2f-5a41-906c-84c09feb9f74', 'Maria mole', '100g', 100, 9.63, 2.43, 23.44, 256.58, false, null),
  ('a2aef01f-c36f-5282-93b9-64efaab38209', 'Queijo ricota', '100g', 100, 12.6, 3.79, 8.11, 139.73, false, null),
  ('9e4df0fb-ecdb-52b4-a9ac-6dde5544131e', 'Bebida isotônica sabores variados', '100g', 100, 0, 6.4, 0, 25.61, false, null),
  ('6ce09bee-f596-5968-904a-30b045587567', 'Café infusão 10%', '100g', 100, 0.71, 1.48, 0.07, 9.07, false, null),
  ('2d4d38ba-a08f-5c1b-a3b3-77ba46c56009', 'Cana aguardente 1', '100g', 100, 0, 0, 0, 215.66, false, null),
  ('60c6ffd3-6fcb-5d87-84ba-7f0e3bd04e30', 'Cana caldo de', '100g', 100, 0, 18.15, 0, 65.34, false, null),
  ('ab2ca260-a4ca-54b9-bf75-641edbafcf74', 'Cerveja pilsen 2', '100g', 100, 0.56, 3.32, 0, 40.72, false, null),
  ('93df9b5f-ec09-5fae-8d64-5bdd9f20df23', 'Chá erva-doce infusão 5%', '100g', 100, 0, 0.39, 0, 1.4, false, null),
  ('0d97de47-5c9a-51f3-9752-ddca419f4590', 'Chá mate infusão 5%', '100g', 100, 0, 0.64, 0.05, 2.73, false, null),
  ('d30767bf-6967-572d-b1f2-5e255628ad01', 'Chá preto infusão 5%', '100g', 100, 0, 0.63, 0, 2.25, false, null),
  ('1c2c8b20-ecd5-53af-a462-511a9f27d527', 'Coco água de', '100g', 100, 0, 5.28, 0, 21.51, false, null),
  ('d5de29b4-d49f-52dc-ab37-135c42772570', 'Refrigerante tipo água tônica', '100g', 100, 0, 7.95, 0, 30.78, false, null),
  ('1df41ab0-f8af-5193-929a-f760fb34cfed', 'Refrigerante tipo cola', '100g', 100, 0, 8.66, 0, 33.51, false, null),
  ('308526ef-5156-5443-8a26-150c14ea24b7', 'Refrigerante tipo guaraná', '100g', 100, 0, 10, 0, 38.7, false, null),
  ('f25a7349-67c4-5b74-a322-708281c96e55', 'Refrigerante tipo laranja', '100g', 100, 0, 11.79, 0, 45.63, false, null),
  ('4dd21742-df9d-504c-b178-df82b4c5e3d2', 'Refrigerante tipo limão', '100g', 100, 0, 10.26, 0, 39.72, false, null),
  ('a00c70a6-c060-589e-b221-c2585748e5ca', 'Omelete de queijo', '100g', 100, 15.57, 0.44, 22.01, 268.01, false, null),
  ('d3b38586-dadd-54ee-a8d1-18125f7efbf5', 'Ovo de codorna inteiro cru', '100g', 100, 13.69, 0.77, 12.68, 176.89, false, null),
  ('e43d5b91-0201-5828-bfc8-323d9a3d55d8', 'Ovo de galinha clara cozida/10minutos', '100g', 100, 13.45, 0, 0.09, 59.44, false, null),
  ('021f3780-669b-546d-bd91-48731c160846', 'Ovo de galinha gema cozida/10minutos', '100g', 100, 15.9, 1.56, 30.78, 352.67, false, null),
  ('a1bd679e-e834-5266-9168-21c2015d1645', 'Ovo de galinha inteiro cozido/10minutos', '100g', 100, 13.29, 0.61, 9.48, 145.7, false, null),
  ('4bc4ec92-9197-55d0-8985-0033d797c012', 'Ovo de galinha inteiro cru', '100g', 100, 13.03, 1.64, 8.9, 143.11, false, null),
  ('9b379b19-815e-5fbb-abe9-038228743f95', 'Ovo de galinha inteiro frito', '100g', 100, 15.62, 1.19, 18.59, 240.19, false, null),
  ('fd2c1847-5bfe-55e5-bbde-c5c2fb4e97b9', 'Achocolatado pó', '100g', 100, 4.2, 91.18, 2.17, 401.02, false, null),
  ('0a2137c9-5b7f-5e9d-bb95-bf75ac24f54a', 'Açúcar cristal', '100g', 100, 0.32, 99.61, 0, 386.85, false, null),
  ('fa2d40c6-e260-5b26-a7d7-50ad672d6330', 'Açúcar mascavo', '100g', 100, 0.76, 94.45, 0.09, 368.55, false, null),
  ('713b8e00-9686-5ccf-ab1a-226d8145d0c3', 'Açúcar refinado', '100g', 100, 0.32, 99.54, 0, 386.57, false, null),
  ('1ea42948-1b7d-5046-bbcd-ab448167e069', 'Chocolate ao leite', '100g', 100, 7.22, 59.58, 30.27, 539.59, false, null),
  ('5bb62bf1-f13d-5872-9d07-ab5121ce0787', 'Chocolate ao leite com castanha do Pará', '100g', 100, 7.41, 55.38, 34.19, 558.88, false, null),
  ('537cd647-0744-50d8-a3aa-04d962d0b219', 'Chocolate ao leite dietético', '100g', 100, 6.9, 56.32, 33.77, 556.82, false, null),
  ('09a79ed5-53a6-595c-ad81-b752e6880f97', 'Chocolate meio amargo', '100g', 100, 4.86, 62.42, 29.86, 474.92, false, null),
  ('fb36bd79-cda1-5e7b-a88a-8e3109fc6f2c', 'Cocada branca', '100g', 100, 1.12, 81.38, 13.59, 448.85, false, null),
  ('6b67f56f-a7a7-5428-9041-db6aea2d5bd6', 'Doce de abóbora cremoso', '100g', 100, 0.92, 54.61, 0.21, 198.94, false, null),
  ('10210067-5310-5456-af15-4c290b60ac5a', 'Doce de leite cremoso', '100g', 100, 5.48, 59.49, 5.99, 306.31, false, null),
  ('411ff6e6-fd31-509e-b129-68986953b6ee', 'Geléia mocotó natural', '100g', 100, 2.13, 24.23, 0.07, 106.09, false, null),
  ('69b1179e-27c2-541b-ba1b-9f69253b784d', 'Glicose de milho', '100g', 100, 0, 79.38, 0, 292.12, false, null),
  ('a74c4d44-6567-5ee3-91ba-294b43150fc3', 'Maria mole', '100g', 100, 3.81, 73.55, 0.19, 301.24, false, null),
  ('433d2608-939e-5e17-86fa-7f3814958ca5', 'Maria mole coco queimado', '100g', 100, 3.93, 75.06, 0.09, 306.63, false, null),
  ('b197c75a-e558-589e-a576-19027c648fbb', 'Marmelada', '100g', 100, 0.4, 70.76, 0.14, 257.24, false, null),
  ('4a11a0a5-f5d7-5c3d-a0f9-a8e111a7ece0', 'Mel de abelha', '100g', 100, 0, 84.03, 0, 309.24, false, null),
  ('b6c3fcc7-54a3-549d-888b-285f054aebe7', 'Melado', '100g', 100, 0, 76.62, 0, 296.51, false, null),
  ('2f9902a7-c289-57e9-a9b9-70de9b77e2f8', 'Quindim', '100g', 100, 4.74, 46.3, 24.43, 411.35, false, null),
  ('45dd6034-1c65-57c0-897b-95a04cd727f8', 'Rapadura', '100g', 100, 0.99, 90.79, 0.07, 351.96, false, null),
  ('1d31b44b-f288-5863-8ba2-d4cd31e22324', 'Café pó torrado', '100g', 100, 14.7, 65.75, 11.95, 418.62, false, null),
  ('2b77b57b-eacc-52ba-81bb-fdd90797c8bd', 'Capuccino pó', '100g', 100, 11.31, 73.61, 8.63, 417.41, false, null),
  ('98dc20e1-e5d1-58c0-8339-1df0176f9a6c', 'Fermento em pó químico', '100g', 100, 0.48, 43.91, 0.07, 89.72, false, null),
  ('33e33215-20cd-5e8e-ac02-d325f849edbe', 'Fermento biológico levedura tablete', '100g', 100, 16.96, 7.7, 1.52, 89.79, false, null),
  ('58af7ebc-8a29-5d47-a201-a2a47641df96', 'Gelatina sabores variados pó', '100g', 100, 8.89, 89.22, 0, 380.22, false, null),
  ('707b5404-c113-59b3-99a9-870e859eebb8', 'Sal dietético', '100g', 100, 0, 0, 0, 0, false, null),
  ('69e155af-f6d7-5cab-ae65-0b2489ef9abb', 'Sal grosso', '100g', 100, 0, 0, 0, 0, false, null),
  ('b3cfbe0a-13ae-5206-af8a-5b21d843c2c6', 'Shoyu', '100g', 100, 3.31, 11.65, 0.33, 60.93, false, null),
  ('a7098d77-711f-51a7-a050-08e3260942c5', 'Tempero a base de sal', '100g', 100, 2.67, 2.07, 0.26, 21.33, false, null),
  ('efb82277-413e-5dc1-aed6-6b8657f383dc', 'Azeitona preta conserva', '100g', 100, 1.16, 5.54, 20.35, 194.15, false, null),
  ('d05160bf-67d9-5c2d-87de-5f9c79d034b2', 'Azeitona verde conserva', '100g', 100, 0.95, 4.1, 14.22, 136.94, false, null),
  ('1a3bd7b7-220c-5387-867b-1f1fb856bc3e', 'Chantilly spray com gordura vegetal', '100g', 100, 0.53, 16.86, 27.27, 314.96, false, null),
  ('789a1900-f484-5363-9627-726ab0acfe95', 'Leite de coco', '100g', 100, 1.01, 2.19, 18.36, 166.16, false, null),
  ('f6ef0341-d5e1-5080-906b-788aa6f9d995', 'Maionese tradicional com ovos', '100g', 100, 0.58, 7.9, 30.5, 302.15, false, null),
  ('b9f3b57a-b01b-559f-ab7e-76b1ac6baad1', 'Acarajé', '100g', 100, 8.35, 19.11, 19.93, 289.21, false, null),
  ('dc4486a6-c4a5-579c-8795-e6fafcc4ea89', 'Arroz carreteiro', '100g', 100, 10.83, 11.58, 7.12, 153.77, false, null),
  ('6bf0322b-f854-5ca8-8fa6-9dc2b12b6309', 'Baião de dois arroz e feijão-de-corda', '100g', 100, 6.24, 20.42, 3.23, 135.68, false, null),
  ('f473e2c0-430e-5eec-8a39-27af4ffb28d6', 'Barreado', '100g', 100, 18.27, 0.24, 9.53, 164.98, false, null),
  ('d631ffd4-9cc4-5c0c-9ee8-606e2a7a5ed0', 'Bife à cavalo com contra filé', '100g', 100, 23.66, 0, 21.15, 291.23, false, null),
  ('07c127f1-3185-5471-a8f5-1d95e847d00c', 'Bolinho de arroz', '100g', 100, 8.04, 41.68, 8.29, 273.51, false, null),
  ('f9983ed9-56e8-5d04-8e07-2c8cf6343b1a', 'Camarão à baiana', '100g', 100, 7.94, 3.17, 5.97, 100.78, false, null),
  ('a4854c15-c8a3-5648-bab8-d3506fc3e0d8', 'Charuto de repolho', '100g', 100, 6.78, 10.13, 1.12, 78.23, false, null),
  ('b332a78a-7f92-5c6e-9f54-5643bab801b4', 'Cuscuz de milho cozido com sal', '100g', 100, 2.16, 25.28, 0.68, 113.46, false, null),
  ('90e8373c-5bc5-57f1-86f7-c4c855d0d8dc', 'Cuscuz paulista', '100g', 100, 2.56, 22.51, 4.65, 142.12, false, null),
  ('5c87d463-8197-5c0d-91da-6825ec9f0012', 'Cuxá molho', '100g', 100, 5.64, 5.74, 3.59, 80.09, false, null),
  ('d425eabe-1e21-5602-ac5a-97ca58d5634a', 'Dobradinha', '100g', 100, 19.77, 0, 4.44, 124.5, false, null),
  ('983dd09d-5b6a-5614-977e-40f1ce3b82a1', 'Estrogonofe de carne', '100g', 100, 15.03, 2.98, 10.8, 173.14, false, null),
  ('6708f880-5294-5e9f-bf4c-4dbae7330464', 'Estrogonofe de frango', '100g', 100, 17.55, 2.59, 7.96, 156.81, false, null),
  ('56c5658d-241a-5ddc-ad2f-b7c7589069e7', 'Feijão tropeiro mineiro', '100g', 100, 10.17, 19.58, 6.79, 151.56, false, null),
  ('aca6eb67-7b60-5753-865b-383f89c72cf4', 'Feijoada', '100g', 100, 8.67, 11.64, 6.48, 116.93, false, null),
  ('36287419-8eff-556e-8a1b-c76a6eda9953', 'Frango com açafrão', '100g', 100, 9.7, 4.06, 6.17, 112.78, false, null),
  ('e53c1490-5096-538a-bbe3-67ea64ad6edb', 'Macarrão molho bolognesa', '100g', 100, 4.93, 22.52, 0.89, 119.53, false, null),
  ('10258fa9-de90-5929-acae-e03c2143b02e', 'Maniçoba', '100g', 100, 9.96, 3.42, 8.7, 134.22, false, null),
  ('9a5e5930-9100-5b96-b3b3-e33ef6550575', 'Quibebe', '100g', 100, 8.56, 6.64, 2.67, 86.35, false, null),
  ('c9dddebb-3c3a-503d-a966-4fec456a3aed', 'Salada de legumes com maionese', '100g', 100, 1.05, 8.92, 7.04, 96.1, false, null),
  ('cc24a599-fb08-54af-ba6e-edd16225cf04', 'Salada de legumes cozida no vapor', '100g', 100, 2.01, 7.09, 0.31, 35.41, false, null),
  ('c004b1f9-09f2-5015-a884-33f0913370ab', 'Salpicão de frango', '100g', 100, 13.93, 4.57, 7.84, 147.86, false, null),
  ('da31f8a6-b935-52f8-a021-92ea154043d2', 'Sarapatel', '100g', 100, 18.47, 1.09, 4.42, 122.98, false, null),
  ('0f70834b-a84e-555b-b906-9916031a0dbe', 'Tabule', '100g', 100, 2.05, 10.58, 1.21, 57.45, false, null),
  ('f3c04979-6355-5fa6-9ed3-6a5b6121ce8c', 'Tacacá', '100g', 100, 6.96, 3.39, 0.36, 46.89, false, null),
  ('28685ad9-cb70-5226-bdf4-724a72d220da', 'Tapioca com manteiga', '100g', 100, 0.09, 63.59, 10.91, 347.83, false, null),
  ('7191c134-7eff-5a5c-b2b0-3f891f02104f', 'Tucupi com pimenta-de-cheiro', '100g', 100, 2.06, 4.74, 0.28, 27.18, false, null),
  ('752960e2-4122-59d3-8fb9-64bb525d4554', 'Vaca atolada', '100g', 100, 5.12, 10.06, 9.32, 144.9, false, null),
  ('773253a4-e1d7-5c01-9223-67b3784c3c9b', 'Vatapá', '100g', 100, 6, 9.75, 23.23, 254.89, false, null),
  ('6ea98bea-2312-514f-9e53-65ba00e04943', 'Virado à paulista', '100g', 100, 10.18, 14.11, 25.59, 306.95, false, null),
  ('3bb2e4cc-d3fe-5ed5-909e-0f7349437082', 'Yakisoba', '100g', 100, 7.52, 18.25, 2.61, 112.8, false, null),
  ('b817b1ff-b227-56e3-a310-b99bb9ca7ca0', 'Amendoim grão cru', '100g', 100, 27.19, 20.31, 43.85, 544.05, false, null),
  ('d561c04f-3b58-59cf-8cb3-39c037951ef1', 'Ervilha em vagem', '100g', 100, 7.45, 14.23, 0.47, 88.09, false, null),
  ('eea13542-cd0f-5bb1-97bc-11aa2c6f8417', 'Ervilha enlatada drenada', '100g', 100, 4.6, 13.44, 0.38, 73.84, false, null),
  ('2157c56a-06bf-52f8-967b-052a80cef15f', 'Feijão carioca cru', '100g', 100, 19.98, 61.22, 1.26, 329.03, false, null),
  ('1bb7b919-4f4b-59b4-b5bc-1770b6e3bae4', 'Feijão fradinho cozido', '100g', 100, 5.09, 13.5, 0.64, 78.01, false, null),
  ('95474a8e-d8b2-5412-a228-f960e517fc68', 'Feijão fradinho cru', '100g', 100, 20.21, 61.24, 2.37, 339.16, false, null),
  ('e074c421-e6af-5e39-bbb6-600028531e65', 'Feijão jalo cozido', '100g', 100, 6.14, 16.5, 0.51, 92.74, false, null),
  ('c658bca1-841d-526e-83df-2ec8eedbc640', 'Feijão jalo cru', '100g', 100, 20.1, 61.48, 0.95, 327.91, false, null),
  ('00c56ea9-7f4b-5b52-858f-4cce1b8f0786', 'Feijão preto cru', '100g', 100, 21.34, 58.75, 1.24, 323.57, false, null),
  ('424d4ca8-3d67-5865-8181-4fa802377981', 'Feijão rajado cozido', '100g', 100, 5.54, 15.27, 0.4, 84.7, false, null),
  ('d6bf5748-6548-56bd-a2c8-551c2396a892', 'Feijão rajado cru', '100g', 100, 17.27, 62.93, 1.17, 325.84, false, null),
  ('b4c1042f-9f75-5fd0-ab0b-50b2880bd9da', 'Feijão rosinha cozido', '100g', 100, 4.54, 11.82, 0.48, 67.87, false, null),
  ('db90a568-7151-5ddf-be64-72c504fd07aa', 'Feijão rosinha cru', '100g', 100, 20.92, 62.22, 1.33, 336.96, false, null),
  ('eb47c5aa-41f8-562b-bcf8-843bf76a0bd0', 'Feijão roxo cozido', '100g', 100, 5.72, 12.91, 0.54, 76.89, false, null),
  ('9070f214-ab90-5768-aee7-553e93f1bfff', 'Feijão roxo cru', '100g', 100, 22.17, 59.99, 1.24, 331.41, false, null),
  ('6160f5bf-caec-5232-bf48-0f8d9a417eb0', 'Grão-de-bico cru', '100g', 100, 21.23, 57.88, 5.43, 354.7, false, null),
  ('ae4f47f4-78b0-5581-a970-9b7ecb2868e3', 'Guandu cru', '100g', 100, 18.96, 64, 2.13, 344.13, false, null),
  ('d56c4200-9ff8-50ba-b14d-816731907a3e', 'Lentilha cozida', '100g', 100, 6.31, 16.3, 0.52, 92.64, false, null),
  ('d7094f8b-1fc2-520f-b7db-5d87795e3755', 'Lentilha crua', '100g', 100, 23.15, 62, 0.77, 339.14, false, null),
  ('d791b50b-d1d2-594b-b640-2ed5a2ff05dd', 'Paçoca amendoim', '100g', 100, 16, 52.38, 26.08, 486.93, false, null),
  ('f5ed588a-957a-5fa8-9928-d58e9dd912f1', 'Pé-de-moleque amendoim', '100g', 100, 13.16, 54.73, 28.05, 503.19, false, null),
  ('6eccce9a-7527-507e-97b4-2463c86f8f14', 'Soja farinha', '100g', 100, 36.03, 38.44, 14.63, 403.96, false, null),
  ('1ee46eeb-f759-5fe3-a957-086aeea5ada5', 'Soja extrato solúvel natural fluido', '100g', 100, 2.38, 4.28, 1.61, 39.1, false, null),
  ('2f6e226d-21f4-5ffe-83e5-bb519eee642c', 'Soja extrato solúvel pó', '100g', 100, 35.69, 28.48, 26.18, 458.9, false, null),
  ('f6c08650-6029-53dc-822b-5c707c46c8b0', 'Soja queijo (tofu)', '100g', 100, 6.55, 2.13, 3.95, 64.49, false, null)
on conflict (id) do nothing;

insert into foods (id, name, portion_desc, portion_grams, protein_g, carbs_g, fat_g, kcal, is_custom, owner_id) values
  ('89f9a65c-98e0-5643-9d06-afefc01d84a5', 'Tremoço cru', '100g', 100, 33.58, 43.79, 10.34, 381.28, false, null),
  ('f209857f-6481-5a8c-9079-6e1c123bab21', 'Tremoço em conserva', '100g', 100, 11.11, 12.39, 3.78, 120.64, false, null),
  ('fe289903-1323-5283-b0a3-8f7337934ce0', 'Amêndoa torrada salgada', '100g', 100, 18.55, 29.55, 47.32, 580.75, false, null),
  ('36f41e10-c559-5166-83b2-956b15a57f2f', 'Castanha-de-caju torrada salgada', '100g', 100, 18.51, 29.13, 46.28, 570.17, false, null),
  ('ae4a2f2f-3100-585c-ad8a-dfacbabb4608', 'Castanha-do-Brasil crua', '100g', 100, 14.54, 15.08, 63.46, 642.96, false, null),
  ('30eaec4a-5cff-5aac-a9ea-de130cf0a7b7', 'Coco cru', '100g', 100, 3.69, 10.4, 41.98, 406.49, false, null),
  ('904a14f9-e503-579f-be90-e8b90b767436', 'Coco verde cru', '100g', 100, 0, 0, 0, 0, false, null),
  ('c743af49-ec9b-56f6-af2e-40c050137d1e', 'Farinha de mesocarpo de babaçu crua', '100g', 100, 1.41, 79.17, 0.2, 328.77, false, null),
  ('6c1ffee5-3941-55ea-962d-a04d32c328c3', 'Gergelim semente', '100g', 100, 21.16, 21.62, 50.43, 583.55, false, null),
  ('dadbc85f-859e-5666-b27e-e2f6652c1618', 'Linhaça semente', '100g', 100, 14.08, 43.31, 32.25, 495.1, false, null),
  ('46a27353-7796-5994-b692-6b5c0be23869', 'Pinhão cozido', '100g', 100, 2.98, 43.92, 0.75, 174.37, false, null),
  ('137d4616-f761-5060-aee6-d657a37a62dd', 'Pupunha cozida', '100g', 100, 2.52, 29.57, 12.76, 218.53, false, null),
  ('ae1dd250-2cdf-5ffc-95ee-f674d9317046', 'Noz crua', '100g', 100, 13.97, 18.36, 59.36, 620.06, false, null)
on conflict (id) do nothing;

-- Receitas curadas (nativas)
insert into recipes (id, name, meal_kind, description, image_url, servings, prep_minutes, source, is_custom, owner_id, created_at) values
  ('d89d52dd-633f-5e6d-bdf6-5ca57b349613', 'Omelete de claras com espinafre', 'cafe', 'Café da manhã leve e proteico, pronto em poucos minutos.', null, 1, 10, 'treinei-curadoria', false, null, '2026-07-03T00:00:00.000Z'),
  ('8787d929-438b-5b39-9198-8fcef3047aaf', 'Mingau de aveia com banana', 'cafe', 'Clássico e reconfortante, ótima fonte de energia para começar o dia.', null, 1, 8, 'treinei-curadoria', false, null, '2026-07-03T00:00:00.000Z'),
  ('fa116752-d2f6-59d0-8fff-07b4862341ce', 'Panqueca de banana e aveia', 'cafe', 'Panqueca fit sem farinha refinada, doce na medida certa.', null, 1, 12, 'treinei-curadoria', false, null, '2026-07-03T00:00:00.000Z'),
  ('29c4d085-9963-557b-861a-ac337dc74dc0', 'Tapioca com queijo e presunto', 'cafe', 'Tapioca recheada, prática para o dia a dia.', null, 1, 8, 'treinei-curadoria', false, null, '2026-07-03T00:00:00.000Z'),
  ('a5cf0359-954a-594a-88ad-0de2c4bb1936', 'Vitamina de banana com aveia', 'cafe', 'Vitamina cremosa para quem prefere tomar o café da manhã líquido.', null, 1, 5, 'treinei-curadoria', false, null, '2026-07-03T00:00:00.000Z'),
  ('6fdc81d8-1e70-5347-99c7-2b610ce8dd58', 'Pão integral com abacate e ovo', 'cafe', 'Combinação de gorduras boas e proteína para saciedade prolongada.', null, 1, 10, 'treinei-curadoria', false, null, '2026-07-03T00:00:00.000Z'),
  ('03f49478-74f2-57e7-9b29-b7e6368b2963', 'Iogurte com aveia e banana', 'cafe', 'Café da manhã montado em camadas, rápido e sem fogão.', null, 1, 5, 'treinei-curadoria', false, null, '2026-07-03T00:00:00.000Z'),
  ('1485e02b-8051-59e9-80e2-15657a8b7ddb', 'Café com leite, pão e queijo', 'cafe', 'O café da manhã mais tradicional do Brasil.', null, 1, 8, 'treinei-curadoria', false, null, '2026-07-03T00:00:00.000Z'),
  ('3d139d4d-3a53-5a57-bbd2-62f44792d5d5', 'Omelete de queijo e tomate', 'cafe', 'Omelete simples, pronta em uma frigideira só.', null, 1, 10, 'treinei-curadoria', false, null, '2026-07-03T00:00:00.000Z'),
  ('7661cd26-f325-5a2f-9924-1cdea889572b', 'Mingau de aveia com maçã', 'cafe', 'Variação do mingau clássico com fruta cozida no próprio preparo.', null, 1, 10, 'treinei-curadoria', false, null, '2026-07-03T00:00:00.000Z'),
  ('f9f5351e-d349-5655-8bdf-57de38fd2016', 'Frango grelhado com arroz integral e brócolis', 'almoco', 'O prato-base da dieta fitness: proteína magra, carbo complexo e fibras.', null, 1, 25, 'treinei-curadoria', false, null, '2026-07-03T00:00:00.000Z'),
  ('44109d14-f545-564d-8875-e8e2bfb99980', 'Salmão grelhado com batata doce e salada', 'almoco', 'Rico em ômega-3, com carboidrato de baixo índice glicêmico.', null, 1, 25, 'treinei-curadoria', false, null, '2026-07-03T00:00:00.000Z'),
  ('af292ffb-90ab-5a6a-92ec-e40b2a31f2cb', 'Carne moída com arroz e feijão', 'almoco', 'O tradicional prato brasileiro em versão equilibrada.', null, 1, 25, 'treinei-curadoria', false, null, '2026-07-03T00:00:00.000Z'),
  ('09ff02fd-c026-5c69-a9c7-2817a4f2f447', 'Frango com batata doce e legumes', 'almoco', 'Combinação clássica de marmita fitness.', null, 1, 25, 'treinei-curadoria', false, null, '2026-07-03T00:00:00.000Z'),
  ('f79c7f15-56da-5785-a3b0-e6c367f4acfd', 'Bacalhau refogado com batata e brócolis', 'almoco', 'Prato completo com peixe, ótimo para variar a proteína da semana.', null, 1, 30, 'treinei-curadoria', false, null, '2026-07-03T00:00:00.000Z'),
  ('434aaf96-337d-5697-87b4-b864b9938fc0', 'Feijoada leve com couve', 'almoco', 'Versão do dia a dia da feijoada, sem os cortes gordurosos.', null, 1, 35, 'treinei-curadoria', false, null, '2026-07-03T00:00:00.000Z'),
  ('8d55ab90-2f62-52b4-a1e5-9ad7974d29a4', 'Salada completa com frango grelhado', 'almoco', 'Opção leve e low carb para os dias mais quentes.', null, 1, 15, 'treinei-curadoria', false, null, '2026-07-03T00:00:00.000Z'),
  ('f5fb04ce-4208-5991-9837-a9f92a0c27a9', 'Carne de panela com legumes', 'almoco', 'Prato reconfortante, ótimo para preparar em quantidade e congelar.', null, 1, 40, 'treinei-curadoria', false, null, '2026-07-03T00:00:00.000Z'),
  ('f7563542-5f01-587a-a392-71df73d8340a', 'Camarão refogado com arroz e pimentão', 'almoco', 'Prato rápido e saboroso para variar a proteína.', null, 1, 20, 'treinei-curadoria', false, null, '2026-07-03T00:00:00.000Z'),
  ('597f1649-11e5-5d77-bb94-809945aa74b9', 'Lentilha com arroz integral e legumes', 'almoco', 'Opção vegetariana rica em proteína vegetal e fibras.', null, 1, 25, 'treinei-curadoria', false, null, '2026-07-03T00:00:00.000Z'),
  ('574b3ffd-1266-5ee1-b9ca-828017e16ba3', 'Omelete de legumes', 'jantar', 'Jantar leve, pronto em uma frigideira.', null, 1, 15, 'treinei-curadoria', false, null, '2026-07-03T00:00:00.000Z'),
  ('8fe8a977-3cdc-54a6-baec-40c265e66522', 'Sopa de legumes com frango desfiado', 'jantar', 'Ótima opção para noites mais frias, leve e nutritiva.', null, 1, 30, 'treinei-curadoria', false, null, '2026-07-03T00:00:00.000Z'),
  ('ef464bcf-b2f7-5bd8-9392-9ac8dca50187', 'Salmão grelhado com brócolis e batata doce', 'jantar', 'Jantar completo e rico em ômega-3.', null, 1, 20, 'treinei-curadoria', false, null, '2026-07-03T00:00:00.000Z'),
  ('b472d4cb-db21-5938-912d-c5647711e56d', 'Sanduíche natural de frango', 'jantar', 'Jantar prático para os dias corridos.', null, 1, 10, 'treinei-curadoria', false, null, '2026-07-03T00:00:00.000Z'),
  ('22701474-a5cb-5fe7-80f0-51b9a8804bfa', 'Bacalhau com vagem e cenoura no vapor', 'jantar', 'Prato leve, ideal para fechar o dia sem pesar.', null, 1, 25, 'treinei-curadoria', false, null, '2026-07-03T00:00:00.000Z'),
  ('406638e7-2f67-5616-afe4-407bfdd1cc57', 'Escondidinho de frango com batata doce', 'jantar', 'Versão fit do escondidinho tradicional.', null, 1, 30, 'treinei-curadoria', false, null, '2026-07-03T00:00:00.000Z'),
  ('8ed5d39a-0990-58ae-9882-f3823a65c7b6', 'Salada de atum com milho', 'jantar', 'Prático, sem precisar acender o fogão.', null, 1, 10, 'treinei-curadoria', false, null, '2026-07-03T00:00:00.000Z'),
  ('19945c95-b542-5ec4-8ce9-ae4da5148df7', 'Frango ao molho de tomate com arroz', 'jantar', 'Jantar caseiro e reconfortante.', null, 1, 25, 'treinei-curadoria', false, null, '2026-07-03T00:00:00.000Z'),
  ('06473341-be0f-5def-811e-38b77604312f', 'Berinjela recheada com carne moída', 'jantar', 'Prato low carb, substitui o carboidrato pela berinjela.', null, 1, 35, 'treinei-curadoria', false, null, '2026-07-03T00:00:00.000Z'),
  ('7353bc50-caa2-5819-8299-589cdb5cdc15', 'Crepioca de frango', 'jantar', 'Alternativa proteica à tapioca tradicional.', null, 1, 12, 'treinei-curadoria', false, null, '2026-07-03T00:00:00.000Z'),
  ('97a65439-b5c5-5c26-9dea-3421cb6e3410', 'Iogurte com morango', 'lanche', 'Lanche rápido e refrescante.', null, 1, 3, 'treinei-curadoria', false, null, '2026-07-03T00:00:00.000Z'),
  ('c077c103-fec1-5630-830e-71206cf50d72', 'Vitamina de abacate', 'lanche', 'Cremosa e rica em gorduras boas.', null, 1, 5, 'treinei-curadoria', false, null, '2026-07-03T00:00:00.000Z'),
  ('58154c16-51ce-5c8f-97d5-628386cda882', 'Mix de castanhas', 'lanche', 'Lanche prático sem preparo, ótimo para levar na bolsa.', null, 1, 1, 'treinei-curadoria', false, null, '2026-07-03T00:00:00.000Z'),
  ('210e7ed9-077b-5b1a-be49-63df91d3da8d', 'Banana com amendoim torrado', 'lanche', 'Clássico pré ou pós-treino, também serve como lanche da tarde.', null, 1, 3, 'treinei-curadoria', false, null, '2026-07-03T00:00:00.000Z'),
  ('bc6d87f2-e958-5652-99d4-e18e63fc7df7', 'Queijo com pão integral', 'lanche', 'Lanche simples e equilibrado.', null, 1, 5, 'treinei-curadoria', false, null, '2026-07-03T00:00:00.000Z'),
  ('c5976222-7a98-50c2-8692-f97192a4af53', 'Frutas variadas', 'lanche', 'Lanche leve e rico em fibras e vitaminas.', null, 1, 5, 'treinei-curadoria', false, null, '2026-07-03T00:00:00.000Z'),
  ('03f49478-74f2-57e7-9b29-b7e6368b2963', 'Iogurte com aveia e banana', 'lanche', 'Combinação prática que rende energia até a próxima refeição.', null, 1, 5, 'treinei-curadoria', false, null, '2026-07-03T00:00:00.000Z'),
  ('a6f8f231-d9fc-5b49-bfc1-86b3ee88e7a1', 'Sanduíche natural de atum', 'lanche', 'Lanche proteico, ótimo para depois do treino ou entre refeições.', null, 1, 8, 'treinei-curadoria', false, null, '2026-07-03T00:00:00.000Z'),
  ('4e52bbea-9425-5f17-9876-91a64cae17a7', 'Ovo cozido com torrada', 'lanche', 'Lanche simples e barato, fácil de preparar em quantidade.', null, 1, 10, 'treinei-curadoria', false, null, '2026-07-03T00:00:00.000Z'),
  ('dc12b5b2-88db-59b9-8e28-0c3e1057e946', 'Smoothie verde', 'lanche', 'Lanche refrescante com folhas escuras.', null, 1, 5, 'treinei-curadoria', false, null, '2026-07-03T00:00:00.000Z'),
  ('51b6df7e-68c9-556e-ba35-0748a8280c21', 'Banana com aveia', 'pre_treino', 'Carboidrato de rápida digestão para energia no treino.', null, 1, 3, 'treinei-curadoria', false, null, '2026-07-03T00:00:00.000Z'),
  ('abbef622-7697-5efd-af02-d6b5c10ac303', 'Pão integral com ovo', 'pre_treino', 'Combinação simples de carboidrato e proteína antes do treino.', null, 1, 10, 'treinei-curadoria', false, null, '2026-07-03T00:00:00.000Z'),
  ('231ff685-e948-5818-8005-ce08b568676c', 'Vitamina de banana com whey', 'pre_treino', 'Rápida de preparar, dá energia e um pouco de proteína antes do treino.', null, 1, 5, 'treinei-curadoria', false, null, '2026-07-03T00:00:00.000Z'),
  ('41f40130-6338-5e52-a00f-360a362b38a0', 'Tapioca com banana', 'pre_treino', 'Carboidrato de fácil digestão, sem excesso de fibra ou gordura.', null, 1, 10, 'treinei-curadoria', false, null, '2026-07-03T00:00:00.000Z'),
  ('3a88aa9e-0eaa-5580-99f8-9d78ba63a39f', 'Batata doce com frango', 'pre_treino', 'Combinação clássica quando o treino é 1-2h depois da refeição.', null, 1, 25, 'treinei-curadoria', false, null, '2026-07-03T00:00:00.000Z'),
  ('8787d929-438b-5b39-9198-8fcef3047aaf', 'Mingau de aveia com banana', 'pre_treino', 'Boa opção quando o treino é pela manhã.', null, 1, 10, 'treinei-curadoria', false, null, '2026-07-03T00:00:00.000Z'),
  ('fdce9a88-6e35-5c3b-be26-1cfb84a83e47', 'Pão francês com banana amassada', 'pre_treino', 'Opção simples e barata de carboidrato rápido.', null, 1, 5, 'treinei-curadoria', false, null, '2026-07-03T00:00:00.000Z'),
  ('9a2461a3-0a1e-5cc6-aa84-ba67f6c02a72', 'Mix de aveia, castanha e banana', 'pre_treino', 'Combinação prática para levar pronta na bolsa de treino.', null, 1, 5, 'treinei-curadoria', false, null, '2026-07-03T00:00:00.000Z'),
  ('c9a6ab10-930f-53a6-bacd-7579496c7abb', 'Suco de laranja com aveia', 'pre_treino', 'Hidratação e carboidrato juntos antes do treino.', null, 1, 5, 'treinei-curadoria', false, null, '2026-07-03T00:00:00.000Z'),
  ('3c680a54-8ac6-5a7f-a77c-e7c44b91e2f3', 'Omelete simples pré-treino', 'pre_treino', 'Boa opção quando o treino é 1h30-2h depois de comer.', null, 1, 10, 'treinei-curadoria', false, null, '2026-07-03T00:00:00.000Z'),
  ('13385c9f-de20-5a0b-bcef-6b7b68ec2b50', 'Whey com banana', 'pos_treino', 'Reposição rápida de proteína e carboidrato após o treino.', null, 1, 5, 'treinei-curadoria', false, null, '2026-07-03T00:00:00.000Z'),
  ('bd7e5c55-8033-59bc-a3cc-58ef1d2d28cf', 'Frango com arroz branco', 'pos_treino', 'O clássico pós-treino: proteína magra e carboidrato de rápida absorção.', null, 1, 25, 'treinei-curadoria', false, null, '2026-07-03T00:00:00.000Z'),
  ('95ab87eb-8aa0-5edf-b1c3-38af5d838659', 'Omelete proteico com queijo', 'pos_treino', 'Opção rápida quando o treino termina tarde da noite.', null, 1, 10, 'treinei-curadoria', false, null, '2026-07-03T00:00:00.000Z'),
  ('beb19522-e985-5294-842f-bd248e64ea51', 'Batata inglesa com carne moída', 'pos_treino', 'Boa reposição de carboidrato e proteína após treinos intensos.', null, 1, 25, 'treinei-curadoria', false, null, '2026-07-03T00:00:00.000Z'),
  ('83e2181a-1899-5f17-9bd9-0f7fb9e9c5cd', 'Iogurte com whey e banana', 'pos_treino', 'Lanche cremoso e prático para depois do treino.', null, 1, 5, 'treinei-curadoria', false, null, '2026-07-03T00:00:00.000Z'),
  ('5e67b52b-9cac-5264-a0eb-7862aaf53760', 'Atum com batata doce', 'pos_treino', 'Prático para quem treina fora de casa e leva marmita.', null, 1, 20, 'treinei-curadoria', false, null, '2026-07-03T00:00:00.000Z'),
  ('3cc3f599-2329-5109-a735-4d1ef6674b69', 'Sanduíche proteico de frango', 'pos_treino', 'Praticidade sem abrir mão da proteína pós-treino.', null, 1, 10, 'treinei-curadoria', false, null, '2026-07-03T00:00:00.000Z'),
  ('4110ab75-ce6a-5f48-9901-b638128a0937', 'Salmão com arroz integral', 'pos_treino', 'Opção com ômega-3 para quem treina à noite e janta em seguida.', null, 1, 20, 'treinei-curadoria', false, null, '2026-07-03T00:00:00.000Z'),
  ('9cd95def-e90c-5d16-90bf-cccc7e22ab9d', 'Vitamina pós-treino de banana e aveia', 'pos_treino', 'Combina proteína, carboidrato e potássio em um só copo.', null, 1, 5, 'treinei-curadoria', false, null, '2026-07-03T00:00:00.000Z'),
  ('f98c8e18-7540-5564-bd88-a46590788c8f', 'Ovo com batata doce', 'pos_treino', 'Combinação simples e barata, clássica de quem busca ganho de massa.', null, 1, 20, 'treinei-curadoria', false, null, '2026-07-03T00:00:00.000Z')
on conflict (id) do nothing;

-- Itens das receitas
insert into recipe_items (id, recipe_id, food_id, quantity) values
  ('fab6b6c7-30b9-5116-83af-e788a86f17f3', 'd89d52dd-633f-5e6d-bdf6-5ca57b349613', '6e234da4-a65e-426b-8d10-858d4224fbe0', 3.64),
  ('b535613e-fe29-5e33-9609-300ddfcfe46d', 'd89d52dd-633f-5e6d-bdf6-5ca57b349613', '2b525435-adb9-5c07-a893-64bb2f23d918', 0.6),
  ('b7403822-a009-5094-a4f7-d65275f550d6', 'd89d52dd-633f-5e6d-bdf6-5ca57b349613', '8e46cf95-1206-435e-a330-6077425e290e', 1),
  ('0de11b0b-a390-5de6-ad2d-13f543225288', '8787d929-438b-5b39-9198-8fcef3047aaf', '20ca8cd7-96f1-40c6-b59c-80038d9ec1e2', 0.4),
  ('bf3d0775-9bf2-5f13-b4da-4f10416d0514', '8787d929-438b-5b39-9198-8fcef3047aaf', 'cc8e73c3-2572-4f04-9cc3-1b76d330ca57', 1),
  ('ef5a40c2-093d-54cd-be27-36e1a239854c', '8787d929-438b-5b39-9198-8fcef3047aaf', '244c60d3-5b69-4e69-aa4a-4d2821f2867a', 1.43),
  ('bbea529e-25c1-5d20-a1e2-52e914e4e913', 'fa116752-d2f6-59d0-8fff-07b4862341ce', '244c60d3-5b69-4e69-aa4a-4d2821f2867a', 1.71),
  ('7cf84867-7258-5cbc-83c3-507400ccebb5', 'fa116752-d2f6-59d0-8fff-07b4862341ce', '20ca8cd7-96f1-40c6-b59c-80038d9ec1e2', 0.4),
  ('7bc8abee-4bf5-5e39-b530-813e12b97558', 'fa116752-d2f6-59d0-8fff-07b4862341ce', 'ac7ebfca-e8c8-4746-bdc6-d33ee19edd59', 1),
  ('dde49e65-b3e3-5ac2-8557-35b83892c495', '29c4d085-9963-557b-861a-ac337dc74dc0', 'e2e06109-2bcc-4b7a-8a49-4494867517ea', 0.6),
  ('7255ebb8-ab0f-57da-bd57-ff9bf4d06a03', '29c4d085-9963-557b-861a-ac337dc74dc0', '8e46cf95-1206-435e-a330-6077425e290e', 1),
  ('2e00f386-8a2d-5061-85d1-e226a6c78f1f', '29c4d085-9963-557b-861a-ac337dc74dc0', '787f8cbb-c7c6-5076-8074-5e91b80889e0', 0.2),
  ('3f122e60-b17f-5bab-87db-d4d6a6c43a93', 'a5cf0359-954a-594a-88ad-0de2c4bb1936', 'cc8e73c3-2572-4f04-9cc3-1b76d330ca57', 1),
  ('670a250c-e7b9-5343-97a5-45499a9a2359', 'a5cf0359-954a-594a-88ad-0de2c4bb1936', '244c60d3-5b69-4e69-aa4a-4d2821f2867a', 1.43),
  ('c55b9ab1-45b2-5bc1-b5d1-b831ccf7748f', 'a5cf0359-954a-594a-88ad-0de2c4bb1936', '20ca8cd7-96f1-40c6-b59c-80038d9ec1e2', 0.2),
  ('165e41bd-7758-52c7-9ff6-52655afd0b87', '6fdc81d8-1e70-5347-99c7-2b610ce8dd58', '76de02ae-9759-4a7c-bdf3-acf6d6de3066', 2),
  ('f2a6700d-d7b6-5c2e-b13f-e8bddb2d9666', '6fdc81d8-1e70-5347-99c7-2b610ce8dd58', '23f0660e-2643-4ba6-998a-2c7b7bffe75e', 0.6),
  ('1320d80f-8ed3-57a1-890b-352566292fc1', '6fdc81d8-1e70-5347-99c7-2b610ce8dd58', 'ac7ebfca-e8c8-4746-bdc6-d33ee19edd59', 1),
  ('a4f5056f-dfa9-55d2-9341-bce02d117ead', '03f49478-74f2-57e7-9b29-b7e6368b2963', '12e0e622-7442-5297-ba69-32cdab40f2d2', 1.5),
  ('bec3422d-4982-539b-9d48-bf94fad7d3df', '03f49478-74f2-57e7-9b29-b7e6368b2963', '20ca8cd7-96f1-40c6-b59c-80038d9ec1e2', 0.2),
  ('8a67b99f-c518-5262-b51a-faf153c3b684', '03f49478-74f2-57e7-9b29-b7e6368b2963', '244c60d3-5b69-4e69-aa4a-4d2821f2867a', 1.14),
  ('059ca0b2-5ecf-50fb-8c58-efdfcd2e4a24', '1485e02b-8051-59e9-80e2-15657a8b7ddb', '6ce09bee-f596-5968-904a-30b045587567', 1),
  ('6a18ff8e-e416-53f4-ad9e-b0c5574ee5ec', '1485e02b-8051-59e9-80e2-15657a8b7ddb', 'cc8e73c3-2572-4f04-9cc3-1b76d330ca57', 0.5),
  ('fb43a222-6070-52d3-9552-f58a2b9414ee', '1485e02b-8051-59e9-80e2-15657a8b7ddb', '8ad726e1-c0d1-4159-999a-9d4cc49f8d96', 1),
  ('19910ed5-299d-58f3-bbdf-112f1d5b064c', '1485e02b-8051-59e9-80e2-15657a8b7ddb', '8e46cf95-1206-435e-a330-6077425e290e', 0.67),
  ('85956739-7aaa-5576-b666-af308652a08c', '3d139d4d-3a53-5a57-bbd2-62f44792d5d5', 'ac7ebfca-e8c8-4746-bdc6-d33ee19edd59', 2),
  ('909172d2-2e98-5ae2-82b2-cb5867e68c4a', '3d139d4d-3a53-5a57-bbd2-62f44792d5d5', '8e46cf95-1206-435e-a330-6077425e290e', 1),
  ('d1c97625-f997-5f2c-8ec2-d3d133f0c3c7', '3d139d4d-3a53-5a57-bbd2-62f44792d5d5', '9abfe2ec-4672-473d-a2da-52056cb3f8d9', 0.5),
  ('612bac87-2f61-53e5-beaa-e05c1c8a5d29', '7661cd26-f325-5a2f-9924-1cdea889572b', '20ca8cd7-96f1-40c6-b59c-80038d9ec1e2', 0.4),
  ('28757a94-0b49-51b7-acd7-ef7b3a46d13f', '7661cd26-f325-5a2f-9924-1cdea889572b', 'cc8e73c3-2572-4f04-9cc3-1b76d330ca57', 1),
  ('4376f2d2-b0c8-5def-ad9f-c44e22df0fce', '7661cd26-f325-5a2f-9924-1cdea889572b', '989e090a-70ad-4061-9f8d-cb702b22da6e', 0.77),
  ('2c6440c4-7ef1-5035-814b-aa377239c7d3', 'f9f5351e-d349-5655-8bdf-57de38fd2016', '4125200c-02d6-4580-9dd7-f1b4e0162cbe', 1.5),
  ('35c10695-d8a6-5aee-a61e-64fe326813cf', 'f9f5351e-d349-5655-8bdf-57de38fd2016', 'd017c251-fa3b-4d91-ba5a-ec3988ac6f65', 1.5),
  ('418c8964-de8e-53f3-9252-21dd5d4c8905', 'f9f5351e-d349-5655-8bdf-57de38fd2016', 'e366a022-8dc1-513f-bd51-b0ebef761a93', 1),
  ('4e67c6cd-581e-5f83-afe1-92e5fb4c31f8', '44109d14-f545-564d-8875-e8e2bfb99980', '00a500d9-2116-4cb6-b725-41a192fc45f9', 1.5),
  ('c4b329d5-f100-5de8-9ec6-f55d40df0845', '44109d14-f545-564d-8875-e8e2bfb99980', '935273f0-8944-4816-a015-70334dfe7571', 1.5),
  ('3a75328f-4f67-5ae3-b281-37864d569459', '44109d14-f545-564d-8875-e8e2bfb99980', 'c6aaa5a8-a3e1-4028-8fa4-74260f30f461', 0.3),
  ('e9d5ed1a-63aa-5b81-80db-de815853bb7e', '44109d14-f545-564d-8875-e8e2bfb99980', '9abfe2ec-4672-473d-a2da-52056cb3f8d9', 0.5),
  ('e02a1c6d-fffd-5de5-b5b1-8e33907a3e6d', 'af292ffb-90ab-5a6a-92ec-e40b2a31f2cb', '2ecb1535-94a1-4ab7-9bfb-ebaa050cf6b7', 1.2),
  ('22bbb489-f5df-5342-a17c-baeb714d310c', 'af292ffb-90ab-5a6a-92ec-e40b2a31f2cb', 'b298af11-7b2b-4966-a21a-05da193de214', 1.5),
  ('e7941455-5f97-52d4-a12a-653a640e3780', 'af292ffb-90ab-5a6a-92ec-e40b2a31f2cb', '1e93d5b5-0d87-4550-a7cb-5d7e2770cd10', 1),
  ('27147169-ab11-5c8a-bda4-045676bf7a31', '09ff02fd-c026-5c69-a9c7-2817a4f2f447', '4125200c-02d6-4580-9dd7-f1b4e0162cbe', 1.5),
  ('63cfb22c-1f89-5a16-a181-5b2fb834a251', '09ff02fd-c026-5c69-a9c7-2817a4f2f447', '935273f0-8944-4816-a015-70334dfe7571', 1.5),
  ('24937092-3806-5dd6-bbb9-baf7b5c4a3c2', '09ff02fd-c026-5c69-a9c7-2817a4f2f447', 'c53caef6-c5a3-5d10-a57a-c639228bd704', 0.8),
  ('c08f08de-08f6-5710-b86c-c2a9520d0356', 'f79c7f15-56da-5785-a3b0-e6c367f4acfd', '1b681c56-e2b3-50b3-8e10-b04a29dfab8d', 1.5),
  ('83c14803-1d07-51ad-af87-d546912700c9', 'f79c7f15-56da-5785-a3b0-e6c367f4acfd', 'e4c52205-3198-4907-96c3-d22213e537ee', 1.5),
  ('88f93c8e-2765-54e1-bf27-77e0705f51af', 'f79c7f15-56da-5785-a3b0-e6c367f4acfd', 'e366a022-8dc1-513f-bd51-b0ebef761a93', 0.8),
  ('6e80ef4a-bf3b-5167-a6f4-316a29ce8930', '434aaf96-337d-5697-87b4-b864b9938fc0', 'a27a2db4-4a9a-49f0-9baa-261bf0462a04', 1.5),
  ('50a86ef3-d853-5e10-ab4f-90bdbfe4e5c5', '434aaf96-337d-5697-87b4-b864b9938fc0', 'b298af11-7b2b-4966-a21a-05da193de214', 1.5),
  ('dbb3c1d8-48f5-5c84-b9e6-8ffeac2ca42c', '434aaf96-337d-5697-87b4-b864b9938fc0', '937d832b-51fd-5528-8b99-e7dda9f14878', 1),
  ('348249c7-1a28-5fb2-acff-d5ed6f80b937', '434aaf96-337d-5697-87b4-b864b9938fc0', 'f48f0db9-2dd9-5875-a6b3-1ac11c5591d5', 0.6),
  ('00952a90-8b8a-5091-b595-2fae1d07fbf3', '8d55ab90-2f62-52b4-a1e5-9ad7974d29a4', '4125200c-02d6-4580-9dd7-f1b4e0162cbe', 1.3),
  ('27548bc2-4f10-560a-9a45-c93e17fec055', '8d55ab90-2f62-52b4-a1e5-9ad7974d29a4', 'c6aaa5a8-a3e1-4028-8fa4-74260f30f461', 0.5),
  ('8a026a00-6efb-5486-ae23-c662657568b4', '8d55ab90-2f62-52b4-a1e5-9ad7974d29a4', '9abfe2ec-4672-473d-a2da-52056cb3f8d9', 0.6),
  ('f4922a22-3ed5-53aa-8cba-9ed698878455', '8d55ab90-2f62-52b4-a1e5-9ad7974d29a4', 'edd8ece1-fdf5-5b90-a5d0-aeebb8752deb', 0.4),
  ('0e18c863-d4e0-5de4-a9af-a27941150f3c', '8d55ab90-2f62-52b4-a1e5-9ad7974d29a4', '25308918-8844-4377-bd29-138079c3933a', 0.77),
  ('1d8d237a-2b8d-5f90-a443-4dbd717b51a1', 'f5fb04ce-4208-5991-9837-a9f92a0c27a9', '1883a100-9592-571e-a987-b18d4d5d1e91', 1.2),
  ('6fa75c56-761d-56b2-8870-c97f5d170342', 'f5fb04ce-4208-5991-9837-a9f92a0c27a9', '597d03e0-5093-5ae1-a2b8-d81a8b540f6d', 0.8),
  ('4652bba9-ef60-58e0-a7fa-2c461271cb26', 'f5fb04ce-4208-5991-9837-a9f92a0c27a9', 'e4c52205-3198-4907-96c3-d22213e537ee', 1),
  ('09747160-e6f5-5e42-923b-2837db46601c', 'f7563542-5f01-587a-a392-71df73d8340a', 'ee285248-046e-5e9e-93ed-dfb2b0b9c8ec', 1.5),
  ('99b23a1f-18df-50eb-bdf5-ff34f3a4cb3b', 'f7563542-5f01-587a-a392-71df73d8340a', 'b298af11-7b2b-4966-a21a-05da193de214', 1.5),
  ('df71dab1-1a13-53b2-889b-745149a6aac6', 'f7563542-5f01-587a-a392-71df73d8340a', '02a389bf-c884-5c80-a399-927e5e6c9bc6', 0.5),
  ('5cb9c75e-a818-5fac-aabb-c5480c26570f', '597f1649-11e5-5d77-bb94-809945aa74b9', 'd56c4200-9ff8-50ba-b14d-816731907a3e', 1.2),
  ('6d95c5e6-fbc5-5feb-9048-686597fc2a60', '597f1649-11e5-5d77-bb94-809945aa74b9', 'd017c251-fa3b-4d91-ba5a-ec3988ac6f65', 1.5),
  ('f228adcc-5bfd-5d0d-ae30-10168e191bf1', '597f1649-11e5-5d77-bb94-809945aa74b9', '597d03e0-5093-5ae1-a2b8-d81a8b540f6d', 0.6),
  ('1cc26e02-c4ee-56f9-a19a-7b88975dc40e', '597f1649-11e5-5d77-bb94-809945aa74b9', 'c53caef6-c5a3-5d10-a57a-c639228bd704', 0.6),
  ('ed3ffb52-b6fd-521e-98d4-8ca297693d2b', '574b3ffd-1266-5ee1-b9ca-828017e16ba3', 'ac7ebfca-e8c8-4746-bdc6-d33ee19edd59', 4),
  ('9b525264-4a95-51d4-a839-d5f2e1820319', '574b3ffd-1266-5ee1-b9ca-828017e16ba3', '565043c9-77b7-5beb-b7b9-1084a4e5a129', 0.3),
  ('d7391a76-5b31-593f-97ff-851a4a74b89a', '574b3ffd-1266-5ee1-b9ca-828017e16ba3', '9cfcd59d-3db5-5053-a6fd-4d40b4b602f3', 0.4),
  ('a1f0b5d7-6a80-5637-a799-6ae3a22d0209', '574b3ffd-1266-5ee1-b9ca-828017e16ba3', '9abfe2ec-4672-473d-a2da-52056cb3f8d9', 0.4),
  ('d0209397-be16-52d9-bf90-b8a731fb33e5', '574b3ffd-1266-5ee1-b9ca-828017e16ba3', '8e46cf95-1206-435e-a330-6077425e290e', 1),
  ('be7c07c2-9b1d-511a-9699-0c65fb71d56f', '8fe8a977-3cdc-54a6-baec-40c265e66522', '4125200c-02d6-4580-9dd7-f1b4e0162cbe', 1),
  ('d05d7507-f1b2-5165-892d-b1baee4ccb15', '8fe8a977-3cdc-54a6-baec-40c265e66522', '597d03e0-5093-5ae1-a2b8-d81a8b540f6d', 0.6),
  ('a4e36f3e-6f23-557f-b928-369e1217e83d', '8fe8a977-3cdc-54a6-baec-40c265e66522', '8d062e4b-05d6-55e2-bb90-a9f84c858acb', 0.6),
  ('b6ce38a9-1b9e-5400-afa6-24903e1e50ab', '8fe8a977-3cdc-54a6-baec-40c265e66522', 'e4c52205-3198-4907-96c3-d22213e537ee', 0.8),
  ('0b8cb83c-5b00-56a5-b2fd-4c6a02aba829', 'ef464bcf-b2f7-5bd8-9392-9ac8dca50187', '00a500d9-2116-4cb6-b725-41a192fc45f9', 1.3),
  ('f25bf0a3-48f0-511c-94b3-d9e6f8491cff', 'ef464bcf-b2f7-5bd8-9392-9ac8dca50187', 'e366a022-8dc1-513f-bd51-b0ebef761a93', 1),
  ('9d6af7d3-f3f9-53c2-8b0f-f3d5a88327e2', 'ef464bcf-b2f7-5bd8-9392-9ac8dca50187', '935273f0-8944-4816-a015-70334dfe7571', 1),
  ('737644c3-e193-56a2-aa9c-b10a7fba8c0a', 'b472d4cb-db21-5938-912d-c5647711e56d', '4125200c-02d6-4580-9dd7-f1b4e0162cbe', 1),
  ('49343523-aa06-5d16-bec7-5f71ab893725', 'b472d4cb-db21-5938-912d-c5647711e56d', '76de02ae-9759-4a7c-bdf3-acf6d6de3066', 2),
  ('954fac34-4b2e-5b49-ab1c-68b0e055551f', 'b472d4cb-db21-5938-912d-c5647711e56d', 'c6aaa5a8-a3e1-4028-8fa4-74260f30f461', 0.2),
  ('b369698f-a673-57ce-9d1f-6402cb2f1b67', 'b472d4cb-db21-5938-912d-c5647711e56d', '9abfe2ec-4672-473d-a2da-52056cb3f8d9', 0.3),
  ('bfe4f789-3636-55d2-b894-9afc2e016a95', '22701474-a5cb-5fe7-80f0-51b9a8804bfa', '1b681c56-e2b3-50b3-8e10-b04a29dfab8d', 1.7),
  ('63199589-f274-56fe-a6ab-a69a16abb64b', '22701474-a5cb-5fe7-80f0-51b9a8804bfa', 'c56987f1-03f4-5a38-86bf-0ff5ea1d35dd', 1),
  ('1fbc36f4-5ee3-555f-aa80-8da0c0d4ef3c', '22701474-a5cb-5fe7-80f0-51b9a8804bfa', '597d03e0-5093-5ae1-a2b8-d81a8b540f6d', 0.8),
  ('42c8ee72-979e-5372-81e4-fcd1758099d7', '22701474-a5cb-5fe7-80f0-51b9a8804bfa', '25308918-8844-4377-bd29-138079c3933a', 0.77),
  ('3386531a-55fa-59bb-b34e-bcae56108bd8', '406638e7-2f67-5616-afe4-407bfdd1cc57', '4125200c-02d6-4580-9dd7-f1b4e0162cbe', 1.2),
  ('4fa4cfa3-d09e-52db-ab6c-07d15e84c3c4', '406638e7-2f67-5616-afe4-407bfdd1cc57', '935273f0-8944-4816-a015-70334dfe7571', 1.5),
  ('d878ba5c-302c-593f-baab-a79dd873024e', '406638e7-2f67-5616-afe4-407bfdd1cc57', '8e46cf95-1206-435e-a330-6077425e290e', 0.67),
  ('f1bdbd7f-6aea-53e1-8577-e17b37c46c5d', '8ed5d39a-0990-58ae-9882-f3823a65c7b6', 'f5aeb1dc-fddb-4578-87e3-63643eab3a6f', 1),
  ('d3d3ccd8-4f1a-5e3f-b81f-aa5e481910f4', '8ed5d39a-0990-58ae-9882-f3823a65c7b6', 'c6aaa5a8-a3e1-4028-8fa4-74260f30f461', 0.4),
  ('510e5186-6000-5911-a349-207220772214', '8ed5d39a-0990-58ae-9882-f3823a65c7b6', '9abfe2ec-4672-473d-a2da-52056cb3f8d9', 0.5),
  ('6ce8b5ae-dfb9-53fc-83ec-9c9270f32947', '8ed5d39a-0990-58ae-9882-f3823a65c7b6', '42bb9ff1-4e67-570c-aa47-8360fc68d0c4', 0.4),
  ('ec7a61c4-50bc-5aa2-a81d-566bee7c2e33', '8ed5d39a-0990-58ae-9882-f3823a65c7b6', '25308918-8844-4377-bd29-138079c3933a', 0.62),
  ('6a79be8a-446a-53bc-96c5-15f1c7cbd7b3', '19945c95-b542-5ec4-8ce9-ae4da5148df7', '4125200c-02d6-4580-9dd7-f1b4e0162cbe', 1.3),
  ('094633b5-4bc8-5d6f-aa66-089d88c38853', '19945c95-b542-5ec4-8ce9-ae4da5148df7', '75a5aa80-8d57-55de-a215-710af7d90ae4', 0.6),
  ('273b352f-b0bc-5254-9d80-7f1c0af8e290', '19945c95-b542-5ec4-8ce9-ae4da5148df7', 'b298af11-7b2b-4966-a21a-05da193de214', 1.2),
  ('843e327d-fb23-5675-bcb2-09913542b474', '06473341-be0f-5def-811e-38b77604312f', 'bc4d918a-5d56-5826-afea-09acc832275e', 1.5),
  ('4681ff20-a325-5db7-9460-f6286a3a6dc5', '06473341-be0f-5def-811e-38b77604312f', '2ecb1535-94a1-4ab7-9bfb-ebaa050cf6b7', 1),
  ('f05a5522-e461-515c-8f9c-ed57f4c413a0', '06473341-be0f-5def-811e-38b77604312f', '8e46cf95-1206-435e-a330-6077425e290e', 0.67),
  ('fe2c4f7e-27ed-5267-b85c-2982b81936a1', '7353bc50-caa2-5819-8299-589cdb5cdc15', 'e2e06109-2bcc-4b7a-8a49-4494867517ea', 0.7),
  ('12a42717-947f-57fd-a9fe-af8cd5c35667', '7353bc50-caa2-5819-8299-589cdb5cdc15', 'ac7ebfca-e8c8-4746-bdc6-d33ee19edd59', 2),
  ('b9d57cf3-b1bf-57f9-b09e-5b1eb4da9edf', '7353bc50-caa2-5819-8299-589cdb5cdc15', '4125200c-02d6-4580-9dd7-f1b4e0162cbe', 1),
  ('cd467c5b-4544-563a-b287-082e24a7a060', '7353bc50-caa2-5819-8299-589cdb5cdc15', '8e46cf95-1206-435e-a330-6077425e290e', 0.67),
  ('a64b84d6-c50d-5f26-b716-45c903492f38', '97a65439-b5c5-5c26-9dea-3421cb6e3410', '12e0e622-7442-5297-ba69-32cdab40f2d2', 1.5),
  ('4499a227-9bda-515a-9b3d-b264d202ec78', '97a65439-b5c5-5c26-9dea-3421cb6e3410', 'd5c2f898-28d3-5889-859b-06ba7b6cb325', 0.8),
  ('72bade8f-3e60-5216-a04b-f98474128399', 'c077c103-fec1-5630-830e-71206cf50d72', '23f0660e-2643-4ba6-998a-2c7b7bffe75e', 1),
  ('c751bd06-5552-59e7-bf51-3df05e358beb', 'c077c103-fec1-5630-830e-71206cf50d72', 'cc8e73c3-2572-4f04-9cc3-1b76d330ca57', 0.75),
  ('67672c02-dd9d-594d-87c9-cc0658c4cd50', '58154c16-51ce-5c8f-97d5-628386cda882', '253605dc-0be2-4f3d-8dce-92f962d8d497', 3),
  ('931a00bb-c7c7-5959-a526-878d64b73fa1', '58154c16-51ce-5c8f-97d5-628386cda882', '27cd390b-351f-4234-959a-8335e91c5c49', 0.5),
  ('d6e85b08-016f-561a-9206-15fa3d78a850', '58154c16-51ce-5c8f-97d5-628386cda882', '36f41e10-c559-5166-83b2-956b15a57f2f', 0.15),
  ('d7e4e183-1350-5f13-b220-d0ce87908c5a', '210e7ed9-077b-5b1a-be49-63df91d3da8d', '244c60d3-5b69-4e69-aa4a-4d2821f2867a', 1.43),
  ('aa6cb6d2-35c3-5fc8-b706-3eb0d76d01e4', '210e7ed9-077b-5b1a-be49-63df91d3da8d', '27cd390b-351f-4234-959a-8335e91c5c49', 0.67),
  ('60e46710-1f0a-55e4-b177-9fc37de53789', 'bc6d87f2-e958-5652-99d4-e18e63fc7df7', '76de02ae-9759-4a7c-bdf3-acf6d6de3066', 2),
  ('dc314a11-ff51-53ac-8973-97000c7d7f88', 'bc6d87f2-e958-5652-99d4-e18e63fc7df7', '8e46cf95-1206-435e-a330-6077425e290e', 1),
  ('d4ba84ce-9b2a-54d2-a301-11ce0270a483', 'c5976222-7a98-50c2-8692-f97192a4af53', '989e090a-70ad-4061-9f8d-cb702b22da6e', 0.77),
  ('024fd3da-983a-5269-9e8d-335c7946309e', 'c5976222-7a98-50c2-8692-f97192a4af53', '75b78067-2b5f-5209-95e9-e998a333aae6', 0.8),
  ('9192d49f-0876-5eef-bb4a-8b1531b15117', 'c5976222-7a98-50c2-8692-f97192a4af53', 'c1e12ef7-1875-500f-838e-c55396befb9d', 1),
  ('a4f5056f-dfa9-55d2-9341-bce02d117ead', '03f49478-74f2-57e7-9b29-b7e6368b2963', '12e0e622-7442-5297-ba69-32cdab40f2d2', 1.5),
  ('bec3422d-4982-539b-9d48-bf94fad7d3df', '03f49478-74f2-57e7-9b29-b7e6368b2963', '20ca8cd7-96f1-40c6-b59c-80038d9ec1e2', 0.2),
  ('8a67b99f-c518-5262-b51a-faf153c3b684', '03f49478-74f2-57e7-9b29-b7e6368b2963', '244c60d3-5b69-4e69-aa4a-4d2821f2867a', 0.71),
  ('86227ebb-413a-5871-b589-e1520421aaeb', 'a6f8f231-d9fc-5b49-bfc1-86b3ee88e7a1', '76de02ae-9759-4a7c-bdf3-acf6d6de3066', 2),
  ('642fc38a-8a70-53ee-83e4-4071176f4913', 'a6f8f231-d9fc-5b49-bfc1-86b3ee88e7a1', 'f5aeb1dc-fddb-4578-87e3-63643eab3a6f', 0.6),
  ('6f2bf778-ba2b-5314-80f1-ae7a8652427c', 'a6f8f231-d9fc-5b49-bfc1-86b3ee88e7a1', 'c6aaa5a8-a3e1-4028-8fa4-74260f30f461', 0.15),
  ('18dca1c0-456e-5cd3-b3c3-8ed366d3aad6', '4e52bbea-9425-5f17-9876-91a64cae17a7', 'ac7ebfca-e8c8-4746-bdc6-d33ee19edd59', 2),
  ('c80172fd-d8aa-53b3-9037-16fe3ea75c96', '4e52bbea-9425-5f17-9876-91a64cae17a7', '8ad726e1-c0d1-4159-999a-9d4cc49f8d96', 1),
  ('b18a37a9-67ee-5643-a1df-e4a2378588b0', 'dc12b5b2-88db-59b9-8e28-0c3e1057e946', 'bfd13fcb-8878-5f4c-9972-bdf4a7128561', 0.4),
  ('068bab98-88f9-53f1-add9-6950128a53b5', 'dc12b5b2-88db-59b9-8e28-0c3e1057e946', '244c60d3-5b69-4e69-aa4a-4d2821f2867a', 1.43),
  ('e5a340e2-e1f8-5d03-9718-e34ae1f57972', 'dc12b5b2-88db-59b9-8e28-0c3e1057e946', 'cc8e73c3-2572-4f04-9cc3-1b76d330ca57', 0.75),
  ('d1400d23-8e7b-5c0b-b161-09eab06bf041', '51b6df7e-68c9-556e-ba35-0748a8280c21', '244c60d3-5b69-4e69-aa4a-4d2821f2867a', 1.43),
  ('be5a8e36-6317-546b-b25a-e25d790dd579', '51b6df7e-68c9-556e-ba35-0748a8280c21', '20ca8cd7-96f1-40c6-b59c-80038d9ec1e2', 0.3),
  ('a49c0bfa-6d81-5a1f-8612-cbdf315a3546', 'abbef622-7697-5efd-af02-d6b5c10ac303', '76de02ae-9759-4a7c-bdf3-acf6d6de3066', 2),
  ('d29a03fb-580a-5cf2-8161-26c0cdbcec26', 'abbef622-7697-5efd-af02-d6b5c10ac303', 'ac7ebfca-e8c8-4746-bdc6-d33ee19edd59', 2),
  ('4d047404-b7ef-5aa3-82c3-88af0557eb59', '231ff685-e948-5818-8005-ce08b568676c', 'cc8e73c3-2572-4f04-9cc3-1b76d330ca57', 1),
  ('90cbbfb7-c947-55e1-abe3-a8001c0a7fde', '231ff685-e948-5818-8005-ce08b568676c', '244c60d3-5b69-4e69-aa4a-4d2821f2867a', 1.43),
  ('0d8c8062-3d5a-582d-890f-2f6446d7ab29', '231ff685-e948-5818-8005-ce08b568676c', 'c539b298-47cd-4d9e-bf93-56d61281fa6e', 1),
  ('44cc207c-5a7a-585d-a5ed-c74b18f98e9c', '41f40130-6338-5e52-a00f-360a362b38a0', 'e2e06109-2bcc-4b7a-8a49-4494867517ea', 0.6),
  ('92746592-a9e3-5f03-bd66-452a33af9401', '41f40130-6338-5e52-a00f-360a362b38a0', '244c60d3-5b69-4e69-aa4a-4d2821f2867a', 1.14),
  ('605c827b-b3fe-5c62-9965-fa7edaf3af1a', '3a88aa9e-0eaa-5580-99f8-9d78ba63a39f', '935273f0-8944-4816-a015-70334dfe7571', 1.5),
  ('1617ef41-acd2-5be0-831e-533c08e62641', '3a88aa9e-0eaa-5580-99f8-9d78ba63a39f', '4125200c-02d6-4580-9dd7-f1b4e0162cbe', 1),
  ('0de11b0b-a390-5de6-ad2d-13f543225288', '8787d929-438b-5b39-9198-8fcef3047aaf', '20ca8cd7-96f1-40c6-b59c-80038d9ec1e2', 0.4),
  ('bf3d0775-9bf2-5f13-b4da-4f10416d0514', '8787d929-438b-5b39-9198-8fcef3047aaf', 'cc8e73c3-2572-4f04-9cc3-1b76d330ca57', 0.75),
  ('ef5a40c2-093d-54cd-be27-36e1a239854c', '8787d929-438b-5b39-9198-8fcef3047aaf', '244c60d3-5b69-4e69-aa4a-4d2821f2867a', 1.14),
  ('7b5666b4-4de7-5081-9941-a3cf75d2dffb', 'fdce9a88-6e35-5c3b-be26-1cfb84a83e47', '8ad726e1-c0d1-4159-999a-9d4cc49f8d96', 1),
  ('aa12011c-62f1-52ec-a79a-b40eeea04e6a', 'fdce9a88-6e35-5c3b-be26-1cfb84a83e47', '244c60d3-5b69-4e69-aa4a-4d2821f2867a', 1.14),
  ('aa3d5048-9372-586a-9102-082043e0d166', '9a2461a3-0a1e-5cc6-aa84-ba67f6c02a72', '20ca8cd7-96f1-40c6-b59c-80038d9ec1e2', 0.3),
  ('8b917a6a-2995-5e9d-b17c-8f4802c1114b', '9a2461a3-0a1e-5cc6-aa84-ba67f6c02a72', 'ae4a2f2f-3100-585c-ad8a-dfacbabb4608', 0.15),
  ('048b38d8-0bc5-5494-9ebe-1854ed518cb9', '9a2461a3-0a1e-5cc6-aa84-ba67f6c02a72', '244c60d3-5b69-4e69-aa4a-4d2821f2867a', 0.71),
  ('8e68578c-0404-55fa-9699-5d9d7a74954c', 'c9a6ab10-930f-53a6-bacd-7579496c7abb', 'a9cd6817-debb-5108-b0e0-5091fc71e4da', 2),
  ('c9af88b4-1348-54f2-a4b0-51cb6b7d8404', 'c9a6ab10-930f-53a6-bacd-7579496c7abb', '20ca8cd7-96f1-40c6-b59c-80038d9ec1e2', 0.2),
  ('3c6db088-9e2d-5f49-8a25-fb10cf708104', '3c680a54-8ac6-5a7f-a77c-e7c44b91e2f3', 'ac7ebfca-e8c8-4746-bdc6-d33ee19edd59', 2),
  ('bea6c876-84a0-59e1-ab7a-91877c75eb23', '3c680a54-8ac6-5a7f-a77c-e7c44b91e2f3', '76de02ae-9759-4a7c-bdf3-acf6d6de3066', 1.2),
  ('03f41c52-46a1-5f54-88ef-152975022fd9', '13385c9f-de20-5a0b-bcef-6b7b68ec2b50', 'c539b298-47cd-4d9e-bf93-56d61281fa6e', 1),
  ('50bc245a-376a-5b8c-98dd-853c0775a9bf', '13385c9f-de20-5a0b-bcef-6b7b68ec2b50', '244c60d3-5b69-4e69-aa4a-4d2821f2867a', 1.43),
  ('053e13c1-3162-5ba8-9cf3-257d49bf092b', '13385c9f-de20-5a0b-bcef-6b7b68ec2b50', 'cc8e73c3-2572-4f04-9cc3-1b76d330ca57', 1),
  ('1c3c3dde-8f81-5d7e-8ec3-6fd04005e2eb', 'bd7e5c55-8033-59bc-a3cc-58ef1d2d28cf', '4125200c-02d6-4580-9dd7-f1b4e0162cbe', 1.5),
  ('46ea6531-efc1-5b2c-945d-4433ca57efae', 'bd7e5c55-8033-59bc-a3cc-58ef1d2d28cf', 'b298af11-7b2b-4966-a21a-05da193de214', 1.5),
  ('928e986b-aba5-5ae6-99c1-8c5fe57a6c25', '95ab87eb-8aa0-5edf-b1c3-38af5d838659', 'ac7ebfca-e8c8-4746-bdc6-d33ee19edd59', 3),
  ('b9a5e15f-ab40-5685-b83f-bbca38a232aa', '95ab87eb-8aa0-5edf-b1c3-38af5d838659', '8e46cf95-1206-435e-a330-6077425e290e', 1),
  ('90963e8d-c881-5112-9c1c-e4007c752f63', 'beb19522-e985-5294-842f-bd248e64ea51', 'e4c52205-3198-4907-96c3-d22213e537ee', 1.5),
  ('b1ced616-c3c0-5622-864c-8699e3576d46', 'beb19522-e985-5294-842f-bd248e64ea51', '2ecb1535-94a1-4ab7-9bfb-ebaa050cf6b7', 1.2),
  ('208ee76f-0286-5d1c-bdb3-ba2a73e4a826', '83e2181a-1899-5f17-9bd9-0f7fb9e9c5cd', '12e0e622-7442-5297-ba69-32cdab40f2d2', 1.5),
  ('69889734-8084-5daf-9409-8e18524e193c', '83e2181a-1899-5f17-9bd9-0f7fb9e9c5cd', 'c539b298-47cd-4d9e-bf93-56d61281fa6e', 0.67),
  ('b472c767-e52b-56d8-b283-d96b217407ee', '83e2181a-1899-5f17-9bd9-0f7fb9e9c5cd', '244c60d3-5b69-4e69-aa4a-4d2821f2867a', 1.14),
  ('7ee54823-1032-5dab-a5c2-168bab4bd69b', '5e67b52b-9cac-5264-a0eb-7862aaf53760', 'f5aeb1dc-fddb-4578-87e3-63643eab3a6f', 1),
  ('1a7cb05b-c700-5a01-8aac-056a81e79a1d', '5e67b52b-9cac-5264-a0eb-7862aaf53760', '935273f0-8944-4816-a015-70334dfe7571', 1.5),
  ('c7a97fe3-35d5-5c24-b5a6-7f745ab69801', '3cc3f599-2329-5109-a735-4d1ef6674b69', '76de02ae-9759-4a7c-bdf3-acf6d6de3066', 2.4),
  ('c7d14f27-bdb6-5589-8392-c84fe4d62421', '3cc3f599-2329-5109-a735-4d1ef6674b69', '4125200c-02d6-4580-9dd7-f1b4e0162cbe', 1),
  ('31be59b7-ddd1-5bdd-93dc-1ac763f8bd7e', '3cc3f599-2329-5109-a735-4d1ef6674b69', '8e46cf95-1206-435e-a330-6077425e290e', 0.67),
  ('7da54fa5-1198-5ffa-a3f0-5bfa8c43aa89', '4110ab75-ce6a-5f48-9901-b638128a0937', '00a500d9-2116-4cb6-b725-41a192fc45f9', 1.3),
  ('7df5a349-d673-5252-ad2e-7024886c9507', '4110ab75-ce6a-5f48-9901-b638128a0937', 'd017c251-fa3b-4d91-ba5a-ec3988ac6f65', 1.3),
  ('5cc81999-7503-5612-a53d-7eabb09643c8', '9cd95def-e90c-5d16-90bf-cccc7e22ab9d', 'cc8e73c3-2572-4f04-9cc3-1b76d330ca57', 1),
  ('b28b2266-1e83-51d5-80d3-a8bf7fdcfe81', '9cd95def-e90c-5d16-90bf-cccc7e22ab9d', '244c60d3-5b69-4e69-aa4a-4d2821f2867a', 1.43),
  ('73e83edb-ff70-57bd-a61f-a87c357803f4', '9cd95def-e90c-5d16-90bf-cccc7e22ab9d', '20ca8cd7-96f1-40c6-b59c-80038d9ec1e2', 0.3),
  ('37f0e58e-3fc1-5df8-b10c-b3dd8fa688fa', '9cd95def-e90c-5d16-90bf-cccc7e22ab9d', 'c539b298-47cd-4d9e-bf93-56d61281fa6e', 0.67),
  ('98e7f353-970b-5a58-8286-487cfdc4048e', 'f98c8e18-7540-5564-bd88-a46590788c8f', 'ac7ebfca-e8c8-4746-bdc6-d33ee19edd59', 3),
  ('8b229aa2-94b8-5532-9e86-3b7d6795868a', 'f98c8e18-7540-5564-bd88-a46590788c8f', '935273f0-8944-4816-a015-70334dfe7571', 1.5)
on conflict (id) do nothing;

commit;